,date,basemoney
0,2005-01-01,3.25
1,2005-01-02,3.25
2,2005-01-03,3.25
3,2005-01-04,3.25
4,2005-01-05,3.25
5,2005-01-06,3.25
6,2005-01-07,3.25
7,2005-01-08,3.25
8,2005-01-09,3.25
9,2005-01-10,3.25
10,2005-01-11,3.25
11,2005-01-12,3.25
12,2005-01-13,3.25
13,2005-01-14,3.25
14,2005-01-15,3.25
15,2005-01-16,3.25
16,2005-01-17,3.25
17,2005-01-18,3.25
18,2005-01-19,3.25
19,2005-01-20,3.25
20,2005-01-21,3.25
21,2005-01-22,3.25
22,2005-01-23,3.25
23,2005-01-24,3.25
24,2005-01-25,3.25
25,2005-01-26,3.25
26,2005-01-27,3.25
27,2005-01-28,3.25
28,2005-01-29,3.25
29,2005-01-30,3.25
30,2005-01-31,3.25
31,2005-02-01,3.25
32,2005-02-02,3.25
33,2005-02-03,3.25
34,2005-02-04,3.25
35,2005-02-05,3.25
36,2005-02-06,3.25
37,2005-02-07,3.25
38,2005-02-08,3.25
39,2005-02-09,3.25
40,2005-02-10,3.25
41,2005-02-11,3.25
42,2005-02-12,3.25
43,2005-02-13,3.25
44,2005-02-14,3.25
45,2005-02-15,3.25
46,2005-02-16,3.25
47,2005-02-17,3.25
48,2005-02-18,3.25
49,2005-02-19,3.25
50,2005-02-20,3.25
51,2005-02-21,3.25
52,2005-02-22,3.25
53,2005-02-23,3.25
54,2005-02-24,3.25
55,2005-02-25,3.25
56,2005-02-26,3.25
57,2005-02-27,3.25
58,2005-02-28,3.25
59,2005-03-01,3.25
60,2005-03-02,3.25
61,2005-03-03,3.25
62,2005-03-04,3.25
63,2005-03-05,3.25
64,2005-03-06,3.25
65,2005-03-07,3.25
66,2005-03-08,3.25
67,2005-03-09,3.25
68,2005-03-10,3.25
69,2005-03-11,3.25
70,2005-03-12,3.25
71,2005-03-13,3.25
72,2005-03-14,3.25
73,2005-03-15,3.25
74,2005-03-16,3.25
75,2005-03-17,3.25
76,2005-03-18,3.25
77,2005-03-19,3.25
78,2005-03-20,3.25
79,2005-03-21,3.25
80,2005-03-22,3.25
81,2005-03-23,3.25
82,2005-03-24,3.25
83,2005-03-25,3.25
84,2005-03-26,3.25
85,2005-03-27,3.25
86,2005-03-28,3.25
87,2005-03-29,3.25
88,2005-03-30,3.25
89,2005-03-31,3.25
90,2005-04-01,3.25
91,2005-04-02,3.25
92,2005-04-03,3.25
93,2005-04-04,3.25
94,2005-04-05,3.25
95,2005-04-06,3.25
96,2005-04-07,3.25
97,2005-04-08,3.25
98,2005-04-09,3.25
99,2005-04-10,3.25
100,2005-04-11,3.25
101,2005-04-12,3.25
102,2005-04-13,3.25
103,2005-04-14,3.25
104,2005-04-15,3.25
105,2005-04-16,3.25
106,2005-04-17,3.25
107,2005-04-18,3.25
108,2005-04-19,3.25
109,2005-04-20,3.25
110,2005-04-21,3.25
111,2005-04-22,3.25
112,2005-04-23,3.25
113,2005-04-24,3.25
114,2005-04-25,3.25
115,2005-04-26,3.25
116,2005-04-27,3.25
117,2005-04-28,3.25
118,2005-04-29,3.25
119,2005-04-30,3.25
120,2005-05-01,3.25
121,2005-05-02,3.25
122,2005-05-03,3.25
123,2005-05-04,3.25
124,2005-05-05,3.25
125,2005-05-06,3.25
126,2005-05-07,3.25
127,2005-05-08,3.25
128,2005-05-09,3.25
129,2005-05-10,3.25
130,2005-05-11,3.25
131,2005-05-12,3.25
132,2005-05-13,3.25
133,2005-05-14,3.25
134,2005-05-15,3.25
135,2005-05-16,3.25
136,2005-05-17,3.25
137,2005-05-18,3.25
138,2005-05-19,3.25
139,2005-05-20,3.25
140,2005-05-21,3.25
141,2005-05-22,3.25
142,2005-05-23,3.25
143,2005-05-24,3.25
144,2005-05-25,3.25
145,2005-05-26,3.25
146,2005-05-27,3.25
147,2005-05-28,3.25
148,2005-05-29,3.25
149,2005-05-30,3.25
150,2005-05-31,3.25
151,2005-06-01,3.25
152,2005-06-02,3.25
153,2005-06-03,3.25
154,2005-06-04,3.25
155,2005-06-05,3.25
156,2005-06-06,3.25
157,2005-06-07,3.25
158,2005-06-08,3.25
159,2005-06-09,3.25
160,2005-06-10,3.25
161,2005-06-11,3.25
162,2005-06-12,3.25
163,2005-06-13,3.25
164,2005-06-14,3.25
165,2005-06-15,3.25
166,2005-06-16,3.25
167,2005-06-17,3.25
168,2005-06-18,3.25
169,2005-06-19,3.25
170,2005-06-20,3.25
171,2005-06-21,3.25
172,2005-06-22,3.25
173,2005-06-23,3.25
174,2005-06-24,3.25
175,2005-06-25,3.25
176,2005-06-26,3.25
177,2005-06-27,3.25
178,2005-06-28,3.25
179,2005-06-29,3.25
180,2005-06-30,3.25
181,2005-07-01,3.25
182,2005-07-02,3.25
183,2005-07-03,3.25
184,2005-07-04,3.25
185,2005-07-05,3.25
186,2005-07-06,3.25
187,2005-07-07,3.25
188,2005-07-08,3.25
189,2005-07-09,3.25
190,2005-07-10,3.25
191,2005-07-11,3.25
192,2005-07-12,3.25
193,2005-07-13,3.25
194,2005-07-14,3.25
195,2005-07-15,3.25
196,2005-07-16,3.25
197,2005-07-17,3.25
198,2005-07-18,3.25
199,2005-07-19,3.25
200,2005-07-20,3.25
201,2005-07-21,3.25
202,2005-07-22,3.25
203,2005-07-23,3.25
204,2005-07-24,3.25
205,2005-07-25,3.25
206,2005-07-26,3.25
207,2005-07-27,3.25
208,2005-07-28,3.25
209,2005-07-29,3.25
210,2005-07-30,3.25
211,2005-07-31,3.25
212,2005-08-01,3.25
213,2005-08-02,3.25
214,2005-08-03,3.25
215,2005-08-04,3.25
216,2005-08-05,3.25
217,2005-08-06,3.25
218,2005-08-07,3.25
219,2005-08-08,3.25
220,2005-08-09,3.25
221,2005-08-10,3.25
222,2005-08-11,3.25
223,2005-08-12,3.25
224,2005-08-13,3.25
225,2005-08-14,3.25
226,2005-08-15,3.25
227,2005-08-16,3.25
228,2005-08-17,3.25
229,2005-08-18,3.25
230,2005-08-19,3.25
231,2005-08-20,3.25
232,2005-08-21,3.25
233,2005-08-22,3.25
234,2005-08-23,3.25
235,2005-08-24,3.25
236,2005-08-25,3.25
237,2005-08-26,3.25
238,2005-08-27,3.25
239,2005-08-28,3.25
240,2005-08-29,3.25
241,2005-08-30,3.25
242,2005-08-31,3.25
243,2005-09-01,3.25
244,2005-09-02,3.25
245,2005-09-03,3.25
246,2005-09-04,3.25
247,2005-09-05,3.25
248,2005-09-06,3.25
249,2005-09-07,3.25
250,2005-09-08,3.25
251,2005-09-09,3.25
252,2005-09-10,3.25
253,2005-09-11,3.25
254,2005-09-12,3.25
255,2005-09-13,3.25
256,2005-09-14,3.25
257,2005-09-15,3.25
258,2005-09-16,3.25
259,2005-09-17,3.25
260,2005-09-18,3.25
261,2005-09-19,3.25
262,2005-09-20,3.25
263,2005-09-21,3.25
264,2005-09-22,3.25
265,2005-09-23,3.25
266,2005-09-24,3.25
267,2005-09-25,3.25
268,2005-09-26,3.25
269,2005-09-27,3.25
270,2005-09-28,3.25
271,2005-09-29,3.25
272,2005-09-30,3.25
273,2005-10-01,3.25
274,2005-10-02,3.25
275,2005-10-03,3.25
276,2005-10-04,3.25
277,2005-10-05,3.25
278,2005-10-06,3.25
279,2005-10-07,3.25
280,2005-10-08,3.25
281,2005-10-09,3.25
282,2005-10-10,3.25
283,2005-10-11,3.5
284,2005-10-12,3.5
285,2005-10-13,3.5
286,2005-10-14,3.5
287,2005-10-15,3.5
288,2005-10-16,3.5
289,2005-10-17,3.5
290,2005-10-18,3.5
291,2005-10-19,3.5
292,2005-10-20,3.5
293,2005-10-21,3.5
294,2005-10-22,3.5
295,2005-10-23,3.5
296,2005-10-24,3.5
297,2005-10-25,3.5
298,2005-10-26,3.5
299,2005-10-27,3.5
300,2005-10-28,3.5
301,2005-10-29,3.5
302,2005-10-30,3.5
303,2005-10-31,3.5
304,2005-11-01,3.5
305,2005-11-02,3.5
306,2005-11-03,3.5
307,2005-11-04,3.5
308,2005-11-05,3.5
309,2005-11-06,3.5
310,2005-11-07,3.5
311,2005-11-08,3.5
312,2005-11-09,3.5
313,2005-11-10,3.5
314,2005-11-11,3.5
315,2005-11-12,3.5
316,2005-11-13,3.5
317,2005-11-14,3.5
318,2005-11-15,3.5
319,2005-11-16,3.5
320,2005-11-17,3.5
321,2005-11-18,3.5
322,2005-11-19,3.5
323,2005-11-20,3.5
324,2005-11-21,3.5
325,2005-11-22,3.5
326,2005-11-23,3.5
327,2005-11-24,3.5
328,2005-11-25,3.5
329,2005-11-26,3.5
330,2005-11-27,3.5
331,2005-11-28,3.5
332,2005-11-29,3.5
333,2005-11-30,3.5
334,2005-12-01,3.5
335,2005-12-02,3.5
336,2005-12-03,3.5
337,2005-12-04,3.5
338,2005-12-05,3.5
339,2005-12-06,3.5
340,2005-12-07,3.5
341,2005-12-08,3.75
342,2005-12-09,3.75
343,2005-12-10,3.75
344,2005-12-11,3.75
345,2005-12-12,3.75
346,2005-12-13,3.75
347,2005-12-14,3.75
348,2005-12-15,3.75
349,2005-12-16,3.75
350,2005-12-17,3.75
351,2005-12-18,3.75
352,2005-12-19,3.75
353,2005-12-20,3.75
354,2005-12-21,3.75
355,2005-12-22,3.75
356,2005-12-23,3.75
357,2005-12-24,3.75
358,2005-12-25,3.75
359,2005-12-26,3.75
360,2005-12-27,3.75
361,2005-12-28,3.75
362,2005-12-29,3.75
363,2005-12-30,3.75
364,2005-12-31,3.75
365,2006-01-01,3.75
366,2006-01-02,3.75
367,2006-01-03,3.75
368,2006-01-04,3.75
369,2006-01-05,3.75
370,2006-01-06,3.75
371,2006-01-07,3.75
372,2006-01-08,3.75
373,2006-01-09,3.75
374,2006-01-10,3.75
375,2006-01-11,3.75
376,2006-01-12,3.75
377,2006-01-13,3.75
378,2006-01-14,3.75
379,2006-01-15,3.75
380,2006-01-16,3.75
381,2006-01-17,3.75
382,2006-01-18,3.75
383,2006-01-19,3.75
384,2006-01-20,3.75
385,2006-01-21,3.75
386,2006-01-22,3.75
387,2006-01-23,3.75
388,2006-01-24,3.75
389,2006-01-25,3.75
390,2006-01-26,3.75
391,2006-01-27,3.75
392,2006-01-28,3.75
393,2006-01-29,3.75
394,2006-01-30,3.75
395,2006-01-31,3.75
396,2006-02-01,3.75
397,2006-02-02,3.75
398,2006-02-03,3.75
399,2006-02-04,3.75
400,2006-02-05,3.75
401,2006-02-06,3.75
402,2006-02-07,3.75
403,2006-02-08,3.75
404,2006-02-09,4.0
405,2006-02-10,4.0
406,2006-02-11,4.0
407,2006-02-12,4.0
408,2006-02-13,4.0
409,2006-02-14,4.0
410,2006-02-15,4.0
411,2006-02-16,4.0
412,2006-02-17,4.0
413,2006-02-18,4.0
414,2006-02-19,4.0
415,2006-02-20,4.0
416,2006-02-21,4.0
417,2006-02-22,4.0
418,2006-02-23,4.0
419,2006-02-24,4.0
420,2006-02-25,4.0
421,2006-02-26,4.0
422,2006-02-27,4.0
423,2006-02-28,4.0
424,2006-03-01,4.0
425,2006-03-02,4.0
426,2006-03-03,4.0
427,2006-03-04,4.0
428,2006-03-05,4.0
429,2006-03-06,4.0
430,2006-03-07,4.0
431,2006-03-08,4.0
432,2006-03-09,4.0
433,2006-03-10,4.0
434,2006-03-11,4.0
435,2006-03-12,4.0
436,2006-03-13,4.0
437,2006-03-14,4.0
438,2006-03-15,4.0
439,2006-03-16,4.0
440,2006-03-17,4.0
441,2006-03-18,4.0
442,2006-03-19,4.0
443,2006-03-20,4.0
444,2006-03-21,4.0
445,2006-03-22,4.0
446,2006-03-23,4.0
447,2006-03-24,4.0
448,2006-03-25,4.0
449,2006-03-26,4.0
450,2006-03-27,4.0
451,2006-03-28,4.0
452,2006-03-29,4.0
453,2006-03-30,4.0
454,2006-03-31,4.0
455,2006-04-01,4.0
456,2006-04-02,4.0
457,2006-04-03,4.0
458,2006-04-04,4.0
459,2006-04-05,4.0
460,2006-04-06,4.0
461,2006-04-07,4.0
462,2006-04-08,4.0
463,2006-04-09,4.0
464,2006-04-10,4.0
465,2006-04-11,4.0
466,2006-04-12,4.0
467,2006-04-13,4.0
468,2006-04-14,4.0
469,2006-04-15,4.0
470,2006-04-16,4.0
471,2006-04-17,4.0
472,2006-04-18,4.0
473,2006-04-19,4.0
474,2006-04-20,4.0
475,2006-04-21,4.0
476,2006-04-22,4.0
477,2006-04-23,4.0
478,2006-04-24,4.0
479,2006-04-25,4.0
480,2006-04-26,4.0
481,2006-04-27,4.0
482,2006-04-28,4.0
483,2006-04-29,4.0
484,2006-04-30,4.0
485,2006-05-01,4.0
486,2006-05-02,4.0
487,2006-05-03,4.0
488,2006-05-04,4.0
489,2006-05-05,4.0
490,2006-05-06,4.0
491,2006-05-07,4.0
492,2006-05-08,4.0
493,2006-05-09,4.0
494,2006-05-10,4.0
495,2006-05-11,4.0
496,2006-05-12,4.0
497,2006-05-13,4.0
498,2006-05-14,4.0
499,2006-05-15,4.0
500,2006-05-16,4.0
501,2006-05-17,4.0
502,2006-05-18,4.0
503,2006-05-19,4.0
504,2006-05-20,4.0
505,2006-05-21,4.0
506,2006-05-22,4.0
507,2006-05-23,4.0
508,2006-05-24,4.0
509,2006-05-25,4.0
510,2006-05-26,4.0
511,2006-05-27,4.0
512,2006-05-28,4.0
513,2006-05-29,4.0
514,2006-05-30,4.0
515,2006-05-31,4.0
516,2006-06-01,4.0
517,2006-06-02,4.0
518,2006-06-03,4.0
519,2006-06-04,4.0
520,2006-06-05,4.0
521,2006-06-06,4.0
522,2006-06-07,4.0
523,2006-06-08,4.25
524,2006-06-09,4.25
525,2006-06-10,4.25
526,2006-06-11,4.25
527,2006-06-12,4.25
528,2006-06-13,4.25
529,2006-06-14,4.25
530,2006-06-15,4.25
531,2006-06-16,4.25
532,2006-06-17,4.25
533,2006-06-18,4.25
534,2006-06-19,4.25
535,2006-06-20,4.25
536,2006-06-21,4.25
537,2006-06-22,4.25
538,2006-06-23,4.25
539,2006-06-24,4.25
540,2006-06-25,4.25
541,2006-06-26,4.25
542,2006-06-27,4.25
543,2006-06-28,4.25
544,2006-06-29,4.25
545,2006-06-30,4.25
546,2006-07-01,4.25
547,2006-07-02,4.25
548,2006-07-03,4.25
549,2006-07-04,4.25
550,2006-07-05,4.25
551,2006-07-06,4.25
552,2006-07-07,4.25
553,2006-07-08,4.25
554,2006-07-09,4.25
555,2006-07-10,4.25
556,2006-07-11,4.25
557,2006-07-12,4.25
558,2006-07-13,4.25
559,2006-07-14,4.25
560,2006-07-15,4.25
561,2006-07-16,4.25
562,2006-07-17,4.25
563,2006-07-18,4.25
564,2006-07-19,4.25
565,2006-07-20,4.25
566,2006-07-21,4.25
567,2006-07-22,4.25
568,2006-07-23,4.25
569,2006-07-24,4.25
570,2006-07-25,4.25
571,2006-07-26,4.25
572,2006-07-27,4.25
573,2006-07-28,4.25
574,2006-07-29,4.25
575,2006-07-30,4.25
576,2006-07-31,4.25
577,2006-08-01,4.25
578,2006-08-02,4.25
579,2006-08-03,4.25
580,2006-08-04,4.25
581,2006-08-05,4.25
582,2006-08-06,4.25
583,2006-08-07,4.25
584,2006-08-08,4.25
585,2006-08-09,4.25
586,2006-08-10,4.5
587,2006-08-11,4.5
588,2006-08-12,4.5
589,2006-08-13,4.5
590,2006-08-14,4.5
591,2006-08-15,4.5
592,2006-08-16,4.5
593,2006-08-17,4.5
594,2006-08-18,4.5
595,2006-08-19,4.5
596,2006-08-20,4.5
597,2006-08-21,4.5
598,2006-08-22,4.5
599,2006-08-23,4.5
600,2006-08-24,4.5
601,2006-08-25,4.5
602,2006-08-26,4.5
603,2006-08-27,4.5
604,2006-08-28,4.5
605,2006-08-29,4.5
606,2006-08-30,4.5
607,2006-08-31,4.5
608,2006-09-01,4.5
609,2006-09-02,4.5
610,2006-09-03,4.5
611,2006-09-04,4.5
612,2006-09-05,4.5
613,2006-09-06,4.5
614,2006-09-07,4.5
615,2006-09-08,4.5
616,2006-09-09,4.5
617,2006-09-10,4.5
618,2006-09-11,4.5
619,2006-09-12,4.5
620,2006-09-13,4.5
621,2006-09-14,4.5
622,2006-09-15,4.5
623,2006-09-16,4.5
624,2006-09-17,4.5
625,2006-09-18,4.5
626,2006-09-19,4.5
627,2006-09-20,4.5
628,2006-09-21,4.5
629,2006-09-22,4.5
630,2006-09-23,4.5
631,2006-09-24,4.5
632,2006-09-25,4.5
633,2006-09-26,4.5
634,2006-09-27,4.5
635,2006-09-28,4.5
636,2006-09-29,4.5
637,2006-09-30,4.5
638,2006-10-01,4.5
639,2006-10-02,4.5
640,2006-10-03,4.5
641,2006-10-04,4.5
642,2006-10-05,4.5
643,2006-10-06,4.5
644,2006-10-07,4.5
645,2006-10-08,4.5
646,2006-10-09,4.5
647,2006-10-10,4.5
648,2006-10-11,4.5
649,2006-10-12,4.5
650,2006-10-13,4.5
651,2006-10-14,4.5
652,2006-10-15,4.5
653,2006-10-16,4.5
654,2006-10-17,4.5
655,2006-10-18,4.5
656,2006-10-19,4.5
657,2006-10-20,4.5
658,2006-10-21,4.5
659,2006-10-22,4.5
660,2006-10-23,4.5
661,2006-10-24,4.5
662,2006-10-25,4.5
663,2006-10-26,4.5
664,2006-10-27,4.5
665,2006-10-28,4.5
666,2006-10-29,4.5
667,2006-10-30,4.5
668,2006-10-31,4.5
669,2006-11-01,4.5
670,2006-11-02,4.5
671,2006-11-03,4.5
672,2006-11-04,4.5
673,2006-11-05,4.5
674,2006-11-06,4.5
675,2006-11-07,4.5
676,2006-11-08,4.5
677,2006-11-09,4.5
678,2006-11-10,4.5
679,2006-11-11,4.5
680,2006-11-12,4.5
681,2006-11-13,4.5
682,2006-11-14,4.5
683,2006-11-15,4.5
684,2006-11-16,4.5
685,2006-11-17,4.5
686,2006-11-18,4.5
687,2006-11-19,4.5
688,2006-11-20,4.5
689,2006-11-21,4.5
690,2006-11-22,4.5
691,2006-11-23,4.5
692,2006-11-24,4.5
693,2006-11-25,4.5
694,2006-11-26,4.5
695,2006-11-27,4.5
696,2006-11-28,4.5
697,2006-11-29,4.5
698,2006-11-30,4.5
699,2006-12-01,4.5
700,2006-12-02,4.5
701,2006-12-03,4.5
702,2006-12-04,4.5
703,2006-12-05,4.5
704,2006-12-06,4.5
705,2006-12-07,4.5
706,2006-12-08,4.5
707,2006-12-09,4.5
708,2006-12-10,4.5
709,2006-12-11,4.5
710,2006-12-12,4.5
711,2006-12-13,4.5
712,2006-12-14,4.5
713,2006-12-15,4.5
714,2006-12-16,4.5
715,2006-12-17,4.5
716,2006-12-18,4.5
717,2006-12-19,4.5
718,2006-12-20,4.5
719,2006-12-21,4.5
720,2006-12-22,4.5
721,2006-12-23,4.5
722,2006-12-24,4.5
723,2006-12-25,4.5
724,2006-12-26,4.5
725,2006-12-27,4.5
726,2006-12-28,4.5
727,2006-12-29,4.5
728,2006-12-30,4.5
729,2006-12-31,4.5
730,2007-01-01,4.5
731,2007-01-02,4.5
732,2007-01-03,4.5
733,2007-01-04,4.5
734,2007-01-05,4.5
735,2007-01-06,4.5
736,2007-01-07,4.5
737,2007-01-08,4.5
738,2007-01-09,4.5
739,2007-01-10,4.5
740,2007-01-11,4.5
741,2007-01-12,4.5
742,2007-01-13,4.5
743,2007-01-14,4.5
744,2007-01-15,4.5
745,2007-01-16,4.5
746,2007-01-17,4.5
747,2007-01-18,4.5
748,2007-01-19,4.5
749,2007-01-20,4.5
750,2007-01-21,4.5
751,2007-01-22,4.5
752,2007-01-23,4.5
753,2007-01-24,4.5
754,2007-01-25,4.5
755,2007-01-26,4.5
756,2007-01-27,4.5
757,2007-01-28,4.5
758,2007-01-29,4.5
759,2007-01-30,4.5
760,2007-01-31,4.5
761,2007-02-01,4.5
762,2007-02-02,4.5
763,2007-02-03,4.5
764,2007-02-04,4.5
765,2007-02-05,4.5
766,2007-02-06,4.5
767,2007-02-07,4.5
768,2007-02-08,4.5
769,2007-02-09,4.5
770,2007-02-10,4.5
771,2007-02-11,4.5
772,2007-02-12,4.5
773,2007-02-13,4.5
774,2007-02-14,4.5
775,2007-02-15,4.5
776,2007-02-16,4.5
777,2007-02-17,4.5
778,2007-02-18,4.5
779,2007-02-19,4.5
780,2007-02-20,4.5
781,2007-02-21,4.5
782,2007-02-22,4.5
783,2007-02-23,4.5
784,2007-02-24,4.5
785,2007-02-25,4.5
786,2007-02-26,4.5
787,2007-02-27,4.5
788,2007-02-28,4.5
789,2007-03-01,4.5
790,2007-03-02,4.5
791,2007-03-03,4.5
792,2007-03-04,4.5
793,2007-03-05,4.5
794,2007-03-06,4.5
795,2007-03-07,4.5
796,2007-03-08,4.5
797,2007-03-09,4.5
798,2007-03-10,4.5
799,2007-03-11,4.5
800,2007-03-12,4.5
801,2007-03-13,4.5
802,2007-03-14,4.5
803,2007-03-15,4.5
804,2007-03-16,4.5
805,2007-03-17,4.5
806,2007-03-18,4.5
807,2007-03-19,4.5
808,2007-03-20,4.5
809,2007-03-21,4.5
810,2007-03-22,4.5
811,2007-03-23,4.5
812,2007-03-24,4.5
813,2007-03-25,4.5
814,2007-03-26,4.5
815,2007-03-27,4.5
816,2007-03-28,4.5
817,2007-03-29,4.5
818,2007-03-30,4.5
819,2007-03-31,4.5
820,2007-04-01,4.5
821,2007-04-02,4.5
822,2007-04-03,4.5
823,2007-04-04,4.5
824,2007-04-05,4.5
825,2007-04-06,4.5
826,2007-04-07,4.5
827,2007-04-08,4.5
828,2007-04-09,4.5
829,2007-04-10,4.5
830,2007-04-11,4.5
831,2007-04-12,4.5
832,2007-04-13,4.5
833,2007-04-14,4.5
834,2007-04-15,4.5
835,2007-04-16,4.5
836,2007-04-17,4.5
837,2007-04-18,4.5
838,2007-04-19,4.5
839,2007-04-20,4.5
840,2007-04-21,4.5
841,2007-04-22,4.5
842,2007-04-23,4.5
843,2007-04-24,4.5
844,2007-04-25,4.5
845,2007-04-26,4.5
846,2007-04-27,4.5
847,2007-04-28,4.5
848,2007-04-29,4.5
849,2007-04-30,4.5
850,2007-05-01,4.5
851,2007-05-02,4.5
852,2007-05-03,4.5
853,2007-05-04,4.5
854,2007-05-05,4.5
855,2007-05-06,4.5
856,2007-05-07,4.5
857,2007-05-08,4.5
858,2007-05-09,4.5
859,2007-05-10,4.5
860,2007-05-11,4.5
861,2007-05-12,4.5
862,2007-05-13,4.5
863,2007-05-14,4.5
864,2007-05-15,4.5
865,2007-05-16,4.5
866,2007-05-17,4.5
867,2007-05-18,4.5
868,2007-05-19,4.5
869,2007-05-20,4.5
870,2007-05-21,4.5
871,2007-05-22,4.5
872,2007-05-23,4.5
873,2007-05-24,4.5
874,2007-05-25,4.5
875,2007-05-26,4.5
876,2007-05-27,4.5
877,2007-05-28,4.5
878,2007-05-29,4.5
879,2007-05-30,4.5
880,2007-05-31,4.5
881,2007-06-01,4.5
882,2007-06-02,4.5
883,2007-06-03,4.5
884,2007-06-04,4.5
885,2007-06-05,4.5
886,2007-06-06,4.5
887,2007-06-07,4.5
888,2007-06-08,4.5
889,2007-06-09,4.5
890,2007-06-10,4.5
891,2007-06-11,4.5
892,2007-06-12,4.5
893,2007-06-13,4.5
894,2007-06-14,4.5
895,2007-06-15,4.5
896,2007-06-16,4.5
897,2007-06-17,4.5
898,2007-06-18,4.5
899,2007-06-19,4.5
900,2007-06-20,4.5
901,2007-06-21,4.5
902,2007-06-22,4.5
903,2007-06-23,4.5
904,2007-06-24,4.5
905,2007-06-25,4.5
906,2007-06-26,4.5
907,2007-06-27,4.5
908,2007-06-28,4.5
909,2007-06-29,4.5
910,2007-06-30,4.5
911,2007-07-01,4.5
912,2007-07-02,4.5
913,2007-07-03,4.5
914,2007-07-04,4.5
915,2007-07-05,4.5
916,2007-07-06,4.5
917,2007-07-07,4.5
918,2007-07-08,4.5
919,2007-07-09,4.5
920,2007-07-10,4.5
921,2007-07-11,4.5
922,2007-07-12,4.75
923,2007-07-13,4.75
924,2007-07-14,4.75
925,2007-07-15,4.75
926,2007-07-16,4.75
927,2007-07-17,4.75
928,2007-07-18,4.75
929,2007-07-19,4.75
930,2007-07-20,4.75
931,2007-07-21,4.75
932,2007-07-22,4.75
933,2007-07-23,4.75
934,2007-07-24,4.75
935,2007-07-25,4.75
936,2007-07-26,4.75
937,2007-07-27,4.75
938,2007-07-28,4.75
939,2007-07-29,4.75
940,2007-07-30,4.75
941,2007-07-31,4.75
942,2007-08-01,4.75
943,2007-08-02,4.75
944,2007-08-03,4.75
945,2007-08-04,4.75
946,2007-08-05,4.75
947,2007-08-06,4.75
948,2007-08-07,4.75
949,2007-08-08,4.75
950,2007-08-09,5.0
951,2007-08-10,5.0
952,2007-08-11,5.0
953,2007-08-12,5.0
954,2007-08-13,5.0
955,2007-08-14,5.0
956,2007-08-15,5.0
957,2007-08-16,5.0
958,2007-08-17,5.0
959,2007-08-18,5.0
960,2007-08-19,5.0
961,2007-08-20,5.0
962,2007-08-21,5.0
963,2007-08-22,5.0
964,2007-08-23,5.0
965,2007-08-24,5.0
966,2007-08-25,5.0
967,2007-08-26,5.0
968,2007-08-27,5.0
969,2007-08-28,5.0
970,2007-08-29,5.0
971,2007-08-30,5.0
972,2007-08-31,5.0
973,2007-09-01,5.0
974,2007-09-02,5.0
975,2007-09-03,5.0
976,2007-09-04,5.0
977,2007-09-05,5.0
978,2007-09-06,5.0
979,2007-09-07,5.0
980,2007-09-08,5.0
981,2007-09-09,5.0
982,2007-09-10,5.0
983,2007-09-11,5.0
984,2007-09-12,5.0
985,2007-09-13,5.0
986,2007-09-14,5.0
987,2007-09-15,5.0
988,2007-09-16,5.0
989,2007-09-17,5.0
990,2007-09-18,5.0
991,2007-09-19,5.0
992,2007-09-20,5.0
993,2007-09-21,5.0
994,2007-09-22,5.0
995,2007-09-23,5.0
996,2007-09-24,5.0
997,2007-09-25,5.0
998,2007-09-26,5.0
999,2007-09-27,5.0
1000,2007-09-28,5.0
1001,2007-09-29,5.0
1002,2007-09-30,5.0
1003,2007-10-01,5.0
1004,2007-10-02,5.0
1005,2007-10-03,5.0
1006,2007-10-04,5.0
1007,2007-10-05,5.0
1008,2007-10-06,5.0
1009,2007-10-07,5.0
1010,2007-10-08,5.0
1011,2007-10-09,5.0
1012,2007-10-10,5.0
1013,2007-10-11,5.0
1014,2007-10-12,5.0
1015,2007-10-13,5.0
1016,2007-10-14,5.0
1017,2007-10-15,5.0
1018,2007-10-16,5.0
1019,2007-10-17,5.0
1020,2007-10-18,5.0
1021,2007-10-19,5.0
1022,2007-10-20,5.0
1023,2007-10-21,5.0
1024,2007-10-22,5.0
1025,2007-10-23,5.0
1026,2007-10-24,5.0
1027,2007-10-25,5.0
1028,2007-10-26,5.0
1029,2007-10-27,5.0
1030,2007-10-28,5.0
1031,2007-10-29,5.0
1032,2007-10-30,5.0
1033,2007-10-31,5.0
1034,2007-11-01,5.0
1035,2007-11-02,5.0
1036,2007-11-03,5.0
1037,2007-11-04,5.0
1038,2007-11-05,5.0
1039,2007-11-06,5.0
1040,2007-11-07,5.0
1041,2007-11-08,5.0
1042,2007-11-09,5.0
1043,2007-11-10,5.0
1044,2007-11-11,5.0
1045,2007-11-12,5.0
1046,2007-11-13,5.0
1047,2007-11-14,5.0
1048,2007-11-15,5.0
1049,2007-11-16,5.0
1050,2007-11-17,5.0
1051,2007-11-18,5.0
1052,2007-11-19,5.0
1053,2007-11-20,5.0
1054,2007-11-21,5.0
1055,2007-11-22,5.0
1056,2007-11-23,5.0
1057,2007-11-24,5.0
1058,2007-11-25,5.0
1059,2007-11-26,5.0
1060,2007-11-27,5.0
1061,2007-11-28,5.0
1062,2007-11-29,5.0
1063,2007-11-30,5.0
1064,2007-12-01,5.0
1065,2007-12-02,5.0
1066,2007-12-03,5.0
1067,2007-12-04,5.0
1068,2007-12-05,5.0
1069,2007-12-06,5.0
1070,2007-12-07,5.0
1071,2007-12-08,5.0
1072,2007-12-09,5.0
1073,2007-12-10,5.0
1074,2007-12-11,5.0
1075,2007-12-12,5.0
1076,2007-12-13,5.0
1077,2007-12-14,5.0
1078,2007-12-15,5.0
1079,2007-12-16,5.0
1080,2007-12-17,5.0
1081,2007-12-18,5.0
1082,2007-12-19,5.0
1083,2007-12-20,5.0
1084,2007-12-21,5.0
1085,2007-12-22,5.0
1086,2007-12-23,5.0
1087,2007-12-24,5.0
1088,2007-12-25,5.0
1089,2007-12-26,5.0
1090,2007-12-27,5.0
1091,2007-12-28,5.0
1092,2007-12-29,5.0
1093,2007-12-30,5.0
1094,2007-12-31,5.0
1095,2008-01-01,5.0
1096,2008-01-02,5.0
1097,2008-01-03,5.0
1098,2008-01-04,5.0
1099,2008-01-05,5.0
1100,2008-01-06,5.0
1101,2008-01-07,5.0
1102,2008-01-08,5.0
1103,2008-01-09,5.0
1104,2008-01-10,5.0
1105,2008-01-11,5.0
1106,2008-01-12,5.0
1107,2008-01-13,5.0
1108,2008-01-14,5.0
1109,2008-01-15,5.0
1110,2008-01-16,5.0
1111,2008-01-17,5.0
1112,2008-01-18,5.0
1113,2008-01-19,5.0
1114,2008-01-20,5.0
1115,2008-01-21,5.0
1116,2008-01-22,5.0
1117,2008-01-23,5.0
1118,2008-01-24,5.0
1119,2008-01-25,5.0
1120,2008-01-26,5.0
1121,2008-01-27,5.0
1122,2008-01-28,5.0
1123,2008-01-29,5.0
1124,2008-01-30,5.0
1125,2008-01-31,5.0
1126,2008-02-01,5.0
1127,2008-02-02,5.0
1128,2008-02-03,5.0
1129,2008-02-04,5.0
1130,2008-02-05,5.0
1131,2008-02-06,5.0
1132,2008-02-07,5.0
1133,2008-02-08,5.0
1134,2008-02-09,5.0
1135,2008-02-10,5.0
1136,2008-02-11,5.0
1137,2008-02-12,5.0
1138,2008-02-13,5.0
1139,2008-02-14,5.0
1140,2008-02-15,5.0
1141,2008-02-16,5.0
1142,2008-02-17,5.0
1143,2008-02-18,5.0
1144,2008-02-19,5.0
1145,2008-02-20,5.0
1146,2008-02-21,5.0
1147,2008-02-22,5.0
1148,2008-02-23,5.0
1149,2008-02-24,5.0
1150,2008-02-25,5.0
1151,2008-02-26,5.0
1152,2008-02-27,5.0
1153,2008-02-28,5.0
1154,2008-02-29,5.0
1155,2008-03-01,5.0
1156,2008-03-02,5.0
1157,2008-03-03,5.0
1158,2008-03-04,5.0
1159,2008-03-05,5.0
1160,2008-03-06,5.0
1161,2008-03-07,5.0
1162,2008-03-08,5.0
1163,2008-03-09,5.0
1164,2008-03-10,5.0
1165,2008-03-11,5.0
1166,2008-03-12,5.0
1167,2008-03-13,5.0
1168,2008-03-14,5.0
1169,2008-03-15,5.0
1170,2008-03-16,5.0
1171,2008-03-17,5.0
1172,2008-03-18,5.0
1173,2008-03-19,5.0
1174,2008-03-20,5.0
1175,2008-03-21,5.0
1176,2008-03-22,5.0
1177,2008-03-23,5.0
1178,2008-03-24,5.0
1179,2008-03-25,5.0
1180,2008-03-26,5.0
1181,2008-03-27,5.0
1182,2008-03-28,5.0
1183,2008-03-29,5.0
1184,2008-03-30,5.0
1185,2008-03-31,5.0
1186,2008-04-01,5.0
1187,2008-04-02,5.0
1188,2008-04-03,5.0
1189,2008-04-04,5.0
1190,2008-04-05,5.0
1191,2008-04-06,5.0
1192,2008-04-07,5.0
1193,2008-04-08,5.0
1194,2008-04-09,5.0
1195,2008-04-10,5.0
1196,2008-04-11,5.0
1197,2008-04-12,5.0
1198,2008-04-13,5.0
1199,2008-04-14,5.0
1200,2008-04-15,5.0
1201,2008-04-16,5.0
1202,2008-04-17,5.0
1203,2008-04-18,5.0
1204,2008-04-19,5.0
1205,2008-04-20,5.0
1206,2008-04-21,5.0
1207,2008-04-22,5.0
1208,2008-04-23,5.0
1209,2008-04-24,5.0
1210,2008-04-25,5.0
1211,2008-04-26,5.0
1212,2008-04-27,5.0
1213,2008-04-28,5.0
1214,2008-04-29,5.0
1215,2008-04-30,5.0
1216,2008-05-01,5.0
1217,2008-05-02,5.0
1218,2008-05-03,5.0
1219,2008-05-04,5.0
1220,2008-05-05,5.0
1221,2008-05-06,5.0
1222,2008-05-07,5.0
1223,2008-05-08,5.0
1224,2008-05-09,5.0
1225,2008-05-10,5.0
1226,2008-05-11,5.0
1227,2008-05-12,5.0
1228,2008-05-13,5.0
1229,2008-05-14,5.0
1230,2008-05-15,5.0
1231,2008-05-16,5.0
1232,2008-05-17,5.0
1233,2008-05-18,5.0
1234,2008-05-19,5.0
1235,2008-05-20,5.0
1236,2008-05-21,5.0
1237,2008-05-22,5.0
1238,2008-05-23,5.0
1239,2008-05-24,5.0
1240,2008-05-25,5.0
1241,2008-05-26,5.0
1242,2008-05-27,5.0
1243,2008-05-28,5.0
1244,2008-05-29,5.0
1245,2008-05-30,5.0
1246,2008-05-31,5.0
1247,2008-06-01,5.0
1248,2008-06-02,5.0
1249,2008-06-03,5.0
1250,2008-06-04,5.0
1251,2008-06-05,5.0
1252,2008-06-06,5.0
1253,2008-06-07,5.0
1254,2008-06-08,5.0
1255,2008-06-09,5.0
1256,2008-06-10,5.0
1257,2008-06-11,5.0
1258,2008-06-12,5.0
1259,2008-06-13,5.0
1260,2008-06-14,5.0
1261,2008-06-15,5.0
1262,2008-06-16,5.0
1263,2008-06-17,5.0
1264,2008-06-18,5.0
1265,2008-06-19,5.0
1266,2008-06-20,5.0
1267,2008-06-21,5.0
1268,2008-06-22,5.0
1269,2008-06-23,5.0
1270,2008-06-24,5.0
1271,2008-06-25,5.0
1272,2008-06-26,5.0
1273,2008-06-27,5.0
1274,2008-06-28,5.0
1275,2008-06-29,5.0
1276,2008-06-30,5.0
1277,2008-07-01,5.0
1278,2008-07-02,5.0
1279,2008-07-03,5.0
1280,2008-07-04,5.0
1281,2008-07-05,5.0
1282,2008-07-06,5.0
1283,2008-07-07,5.0
1284,2008-07-08,5.0
1285,2008-07-09,5.0
1286,2008-07-10,5.0
1287,2008-07-11,5.0
1288,2008-07-12,5.0
1289,2008-07-13,5.0
1290,2008-07-14,5.0
1291,2008-07-15,5.0
1292,2008-07-16,5.0
1293,2008-07-17,5.0
1294,2008-07-18,5.0
1295,2008-07-19,5.0
1296,2008-07-20,5.0
1297,2008-07-21,5.0
1298,2008-07-22,5.0
1299,2008-07-23,5.0
1300,2008-07-24,5.0
1301,2008-07-25,5.0
1302,2008-07-26,5.0
1303,2008-07-27,5.0
1304,2008-07-28,5.0
1305,2008-07-29,5.0
1306,2008-07-30,5.0
1307,2008-07-31,5.0
1308,2008-08-01,5.0
1309,2008-08-02,5.0
1310,2008-08-03,5.0
1311,2008-08-04,5.0
1312,2008-08-05,5.0
1313,2008-08-06,5.0
1314,2008-08-07,5.25
1315,2008-08-08,5.25
1316,2008-08-09,5.25
1317,2008-08-10,5.25
1318,2008-08-11,5.25
1319,2008-08-12,5.25
1320,2008-08-13,5.25
1321,2008-08-14,5.25
1322,2008-08-15,5.25
1323,2008-08-16,5.25
1324,2008-08-17,5.25
1325,2008-08-18,5.25
1326,2008-08-19,5.25
1327,2008-08-20,5.25
1328,2008-08-21,5.25
1329,2008-08-22,5.25
1330,2008-08-23,5.25
1331,2008-08-24,5.25
1332,2008-08-25,5.25
1333,2008-08-26,5.25
1334,2008-08-27,5.25
1335,2008-08-28,5.25
1336,2008-08-29,5.25
1337,2008-08-30,5.25
1338,2008-08-31,5.25
1339,2008-09-01,5.25
1340,2008-09-02,5.25
1341,2008-09-03,5.25
1342,2008-09-04,5.25
1343,2008-09-05,5.25
1344,2008-09-06,5.25
1345,2008-09-07,5.25
1346,2008-09-08,5.25
1347,2008-09-09,5.25
1348,2008-09-10,5.25
1349,2008-09-11,5.25
1350,2008-09-12,5.25
1351,2008-09-13,5.25
1352,2008-09-14,5.25
1353,2008-09-15,5.25
1354,2008-09-16,5.25
1355,2008-09-17,5.25
1356,2008-09-18,5.25
1357,2008-09-19,5.25
1358,2008-09-20,5.25
1359,2008-09-21,5.25
1360,2008-09-22,5.25
1361,2008-09-23,5.25
1362,2008-09-24,5.25
1363,2008-09-25,5.25
1364,2008-09-26,5.25
1365,2008-09-27,5.25
1366,2008-09-28,5.25
1367,2008-09-29,5.25
1368,2008-09-30,5.25
1369,2008-10-01,5.25
1370,2008-10-02,5.25
1371,2008-10-03,5.25
1372,2008-10-04,5.25
1373,2008-10-05,5.25
1374,2008-10-06,5.25
1375,2008-10-07,5.25
1376,2008-10-08,5.25
1377,2008-10-09,5.0
1378,2008-10-10,5.0
1379,2008-10-11,5.0
1380,2008-10-12,5.0
1381,2008-10-13,5.0
1382,2008-10-14,5.0
1383,2008-10-15,5.0
1384,2008-10-16,5.0
1385,2008-10-17,5.0
1386,2008-10-18,5.0
1387,2008-10-19,5.0
1388,2008-10-20,5.0
1389,2008-10-21,5.0
1390,2008-10-22,5.0
1391,2008-10-23,5.0
1392,2008-10-24,5.0
1393,2008-10-25,5.0
1394,2008-10-26,5.0
1395,2008-10-27,4.25
1396,2008-10-28,4.25
1397,2008-10-29,4.25
1398,2008-10-30,4.25
1399,2008-10-31,4.25
1400,2008-11-01,4.25
1401,2008-11-02,4.25
1402,2008-11-03,4.25
1403,2008-11-04,4.25
1404,2008-11-05,4.25
1405,2008-11-06,4.25
1406,2008-11-07,4.0
1407,2008-11-08,4.0
1408,2008-11-09,4.0
1409,2008-11-10,4.0
1410,2008-11-11,4.0
1411,2008-11-12,4.0
1412,2008-11-13,4.0
1413,2008-11-14,4.0
1414,2008-11-15,4.0
1415,2008-11-16,4.0
1416,2008-11-17,4.0
1417,2008-11-18,4.0
1418,2008-11-19,4.0
1419,2008-11-20,4.0
1420,2008-11-21,4.0
1421,2008-11-22,4.0
1422,2008-11-23,4.0
1423,2008-11-24,4.0
1424,2008-11-25,4.0
1425,2008-11-26,4.0
1426,2008-11-27,4.0
1427,2008-11-28,4.0
1428,2008-11-29,4.0
1429,2008-11-30,4.0
1430,2008-12-01,4.0
1431,2008-12-02,4.0
1432,2008-12-03,4.0
1433,2008-12-04,4.0
1434,2008-12-05,4.0
1435,2008-12-06,4.0
1436,2008-12-07,4.0
1437,2008-12-08,4.0
1438,2008-12-09,4.0
1439,2008-12-10,4.0
1440,2008-12-11,3.0
1441,2008-12-12,3.0
1442,2008-12-13,3.0
1443,2008-12-14,3.0
1444,2008-12-15,3.0
1445,2008-12-16,3.0
1446,2008-12-17,3.0
1447,2008-12-18,3.0
1448,2008-12-19,3.0
1449,2008-12-20,3.0
1450,2008-12-21,3.0
1451,2008-12-22,3.0
1452,2008-12-23,3.0
1453,2008-12-24,3.0
1454,2008-12-25,3.0
1455,2008-12-26,3.0
1456,2008-12-27,3.0
1457,2008-12-28,3.0
1458,2008-12-29,3.0
1459,2008-12-30,3.0
1460,2008-12-31,3.0
1461,2009-01-01,3.0
1462,2009-01-02,3.0
1463,2009-01-03,3.0
1464,2009-01-04,3.0
1465,2009-01-05,3.0
1466,2009-01-06,3.0
1467,2009-01-07,3.0
1468,2009-01-08,3.0
1469,2009-01-09,2.5
1470,2009-01-10,2.5
1471,2009-01-11,2.5
1472,2009-01-12,2.5
1473,2009-01-13,2.5
1474,2009-01-14,2.5
1475,2009-01-15,2.5
1476,2009-01-16,2.5
1477,2009-01-17,2.5
1478,2009-01-18,2.5
1479,2009-01-19,2.5
1480,2009-01-20,2.5
1481,2009-01-21,2.5
1482,2009-01-22,2.5
1483,2009-01-23,2.5
1484,2009-01-24,2.5
1485,2009-01-25,2.5
1486,2009-01-26,2.5
1487,2009-01-27,2.5
1488,2009-01-28,2.5
1489,2009-01-29,2.5
1490,2009-01-30,2.5
1491,2009-01-31,2.5
1492,2009-02-01,2.5
1493,2009-02-02,2.5
1494,2009-02-03,2.5
1495,2009-02-04,2.5
1496,2009-02-05,2.5
1497,2009-02-06,2.5
1498,2009-02-07,2.5
1499,2009-02-08,2.5
1500,2009-02-09,2.5
1501,2009-02-10,2.5
1502,2009-02-11,2.5
1503,2009-02-12,2.0
1504,2009-02-13,2.0
1505,2009-02-14,2.0
1506,2009-02-15,2.0
1507,2009-02-16,2.0
1508,2009-02-17,2.0
1509,2009-02-18,2.0
1510,2009-02-19,2.0
1511,2009-02-20,2.0
1512,2009-02-21,2.0
1513,2009-02-22,2.0
1514,2009-02-23,2.0
1515,2009-02-24,2.0
1516,2009-02-25,2.0
1517,2009-02-26,2.0
1518,2009-02-27,2.0
1519,2009-02-28,2.0
1520,2009-03-01,2.0
1521,2009-03-02,2.0
1522,2009-03-03,2.0
1523,2009-03-04,2.0
1524,2009-03-05,2.0
1525,2009-03-06,2.0
1526,2009-03-07,2.0
1527,2009-03-08,2.0
1528,2009-03-09,2.0
1529,2009-03-10,2.0
1530,2009-03-11,2.0
1531,2009-03-12,2.0
1532,2009-03-13,2.0
1533,2009-03-14,2.0
1534,2009-03-15,2.0
1535,2009-03-16,2.0
1536,2009-03-17,2.0
1537,2009-03-18,2.0
1538,2009-03-19,2.0
1539,2009-03-20,2.0
1540,2009-03-21,2.0
1541,2009-03-22,2.0
1542,2009-03-23,2.0
1543,2009-03-24,2.0
1544,2009-03-25,2.0
1545,2009-03-26,2.0
1546,2009-03-27,2.0
1547,2009-03-28,2.0
1548,2009-03-29,2.0
1549,2009-03-30,2.0
1550,2009-03-31,2.0
1551,2009-04-01,2.0
1552,2009-04-02,2.0
1553,2009-04-03,2.0
1554,2009-04-04,2.0
1555,2009-04-05,2.0
1556,2009-04-06,2.0
1557,2009-04-07,2.0
1558,2009-04-08,2.0
1559,2009-04-09,2.0
1560,2009-04-10,2.0
1561,2009-04-11,2.0
1562,2009-04-12,2.0
1563,2009-04-13,2.0
1564,2009-04-14,2.0
1565,2009-04-15,2.0
1566,2009-04-16,2.0
1567,2009-04-17,2.0
1568,2009-04-18,2.0
1569,2009-04-19,2.0
1570,2009-04-20,2.0
1571,2009-04-21,2.0
1572,2009-04-22,2.0
1573,2009-04-23,2.0
1574,2009-04-24,2.0
1575,2009-04-25,2.0
1576,2009-04-26,2.0
1577,2009-04-27,2.0
1578,2009-04-28,2.0
1579,2009-04-29,2.0
1580,2009-04-30,2.0
1581,2009-05-01,2.0
1582,2009-05-02,2.0
1583,2009-05-03,2.0
1584,2009-05-04,2.0
1585,2009-05-05,2.0
1586,2009-05-06,2.0
1587,2009-05-07,2.0
1588,2009-05-08,2.0
1589,2009-05-09,2.0
1590,2009-05-10,2.0
1591,2009-05-11,2.0
1592,2009-05-12,2.0
1593,2009-05-13,2.0
1594,2009-05-14,2.0
1595,2009-05-15,2.0
1596,2009-05-16,2.0
1597,2009-05-17,2.0
1598,2009-05-18,2.0
1599,2009-05-19,2.0
1600,2009-05-20,2.0
1601,2009-05-21,2.0
1602,2009-05-22,2.0
1603,2009-05-23,2.0
1604,2009-05-24,2.0
1605,2009-05-25,2.0
1606,2009-05-26,2.0
1607,2009-05-27,2.0
1608,2009-05-28,2.0
1609,2009-05-29,2.0
1610,2009-05-30,2.0
1611,2009-05-31,2.0
1612,2009-06-01,2.0
1613,2009-06-02,2.0
1614,2009-06-03,2.0
1615,2009-06-04,2.0
1616,2009-06-05,2.0
1617,2009-06-06,2.0
1618,2009-06-07,2.0
1619,2009-06-08,2.0
1620,2009-06-09,2.0
1621,2009-06-10,2.0
1622,2009-06-11,2.0
1623,2009-06-12,2.0
1624,2009-06-13,2.0
1625,2009-06-14,2.0
1626,2009-06-15,2.0
1627,2009-06-16,2.0
1628,2009-06-17,2.0
1629,2009-06-18,2.0
1630,2009-06-19,2.0
1631,2009-06-20,2.0
1632,2009-06-21,2.0
1633,2009-06-22,2.0
1634,2009-06-23,2.0
1635,2009-06-24,2.0
1636,2009-06-25,2.0
1637,2009-06-26,2.0
1638,2009-06-27,2.0
1639,2009-06-28,2.0
1640,2009-06-29,2.0
1641,2009-06-30,2.0
1642,2009-07-01,2.0
1643,2009-07-02,2.0
1644,2009-07-03,2.0
1645,2009-07-04,2.0
1646,2009-07-05,2.0
1647,2009-07-06,2.0
1648,2009-07-07,2.0
1649,2009-07-08,2.0
1650,2009-07-09,2.0
1651,2009-07-10,2.0
1652,2009-07-11,2.0
1653,2009-07-12,2.0
1654,2009-07-13,2.0
1655,2009-07-14,2.0
1656,2009-07-15,2.0
1657,2009-07-16,2.0
1658,2009-07-17,2.0
1659,2009-07-18,2.0
1660,2009-07-19,2.0
1661,2009-07-20,2.0
1662,2009-07-21,2.0
1663,2009-07-22,2.0
1664,2009-07-23,2.0
1665,2009-07-24,2.0
1666,2009-07-25,2.0
1667,2009-07-26,2.0
1668,2009-07-27,2.0
1669,2009-07-28,2.0
1670,2009-07-29,2.0
1671,2009-07-30,2.0
1672,2009-07-31,2.0
1673,2009-08-01,2.0
1674,2009-08-02,2.0
1675,2009-08-03,2.0
1676,2009-08-04,2.0
1677,2009-08-05,2.0
1678,2009-08-06,2.0
1679,2009-08-07,2.0
1680,2009-08-08,2.0
1681,2009-08-09,2.0
1682,2009-08-10,2.0
1683,2009-08-11,2.0
1684,2009-08-12,2.0
1685,2009-08-13,2.0
1686,2009-08-14,2.0
1687,2009-08-15,2.0
1688,2009-08-16,2.0
1689,2009-08-17,2.0
1690,2009-08-18,2.0
1691,2009-08-19,2.0
1692,2009-08-20,2.0
1693,2009-08-21,2.0
1694,2009-08-22,2.0
1695,2009-08-23,2.0
1696,2009-08-24,2.0
1697,2009-08-25,2.0
1698,2009-08-26,2.0
1699,2009-08-27,2.0
1700,2009-08-28,2.0
1701,2009-08-29,2.0
1702,2009-08-30,2.0
1703,2009-08-31,2.0
1704,2009-09-01,2.0
1705,2009-09-02,2.0
1706,2009-09-03,2.0
1707,2009-09-04,2.0
1708,2009-09-05,2.0
1709,2009-09-06,2.0
1710,2009-09-07,2.0
1711,2009-09-08,2.0
1712,2009-09-09,2.0
1713,2009-09-10,2.0
1714,2009-09-11,2.0
1715,2009-09-12,2.0
1716,2009-09-13,2.0
1717,2009-09-14,2.0
1718,2009-09-15,2.0
1719,2009-09-16,2.0
1720,2009-09-17,2.0
1721,2009-09-18,2.0
1722,2009-09-19,2.0
1723,2009-09-20,2.0
1724,2009-09-21,2.0
1725,2009-09-22,2.0
1726,2009-09-23,2.0
1727,2009-09-24,2.0
1728,2009-09-25,2.0
1729,2009-09-26,2.0
1730,2009-09-27,2.0
1731,2009-09-28,2.0
1732,2009-09-29,2.0
1733,2009-09-30,2.0
1734,2009-10-01,2.0
1735,2009-10-02,2.0
1736,2009-10-03,2.0
1737,2009-10-04,2.0
1738,2009-10-05,2.0
1739,2009-10-06,2.0
1740,2009-10-07,2.0
1741,2009-10-08,2.0
1742,2009-10-09,2.0
1743,2009-10-10,2.0
1744,2009-10-11,2.0
1745,2009-10-12,2.0
1746,2009-10-13,2.0
1747,2009-10-14,2.0
1748,2009-10-15,2.0
1749,2009-10-16,2.0
1750,2009-10-17,2.0
1751,2009-10-18,2.0
1752,2009-10-19,2.0
1753,2009-10-20,2.0
1754,2009-10-21,2.0
1755,2009-10-22,2.0
1756,2009-10-23,2.0
1757,2009-10-24,2.0
1758,2009-10-25,2.0
1759,2009-10-26,2.0
1760,2009-10-27,2.0
1761,2009-10-28,2.0
1762,2009-10-29,2.0
1763,2009-10-30,2.0
1764,2009-10-31,2.0
1765,2009-11-01,2.0
1766,2009-11-02,2.0
1767,2009-11-03,2.0
1768,2009-11-04,2.0
1769,2009-11-05,2.0
1770,2009-11-06,2.0
1771,2009-11-07,2.0
1772,2009-11-08,2.0
1773,2009-11-09,2.0
1774,2009-11-10,2.0
1775,2009-11-11,2.0
1776,2009-11-12,2.0
1777,2009-11-13,2.0
1778,2009-11-14,2.0
1779,2009-11-15,2.0
1780,2009-11-16,2.0
1781,2009-11-17,2.0
1782,2009-11-18,2.0
1783,2009-11-19,2.0
1784,2009-11-20,2.0
1785,2009-11-21,2.0
1786,2009-11-22,2.0
1787,2009-11-23,2.0
1788,2009-11-24,2.0
1789,2009-11-25,2.0
1790,2009-11-26,2.0
1791,2009-11-27,2.0
1792,2009-11-28,2.0
1793,2009-11-29,2.0
1794,2009-11-30,2.0
1795,2009-12-01,2.0
1796,2009-12-02,2.0
1797,2009-12-03,2.0
1798,2009-12-04,2.0
1799,2009-12-05,2.0
1800,2009-12-06,2.0
1801,2009-12-07,2.0
1802,2009-12-08,2.0
1803,2009-12-09,2.0
1804,2009-12-10,2.0
1805,2009-12-11,2.0
1806,2009-12-12,2.0
1807,2009-12-13,2.0
1808,2009-12-14,2.0
1809,2009-12-15,2.0
1810,2009-12-16,2.0
1811,2009-12-17,2.0
1812,2009-12-18,2.0
1813,2009-12-19,2.0
1814,2009-12-20,2.0
1815,2009-12-21,2.0
1816,2009-12-22,2.0
1817,2009-12-23,2.0
1818,2009-12-24,2.0
1819,2009-12-25,2.0
1820,2009-12-26,2.0
1821,2009-12-27,2.0
1822,2009-12-28,2.0
1823,2009-12-29,2.0
1824,2009-12-30,2.0
1825,2009-12-31,2.0
1826,2010-01-01,2.0
1827,2010-01-02,2.0
1828,2010-01-03,2.0
1829,2010-01-04,2.0
1830,2010-01-05,2.0
1831,2010-01-06,2.0
1832,2010-01-07,2.0
1833,2010-01-08,2.0
1834,2010-01-09,2.0
1835,2010-01-10,2.0
1836,2010-01-11,2.0
1837,2010-01-12,2.0
1838,2010-01-13,2.0
1839,2010-01-14,2.0
1840,2010-01-15,2.0
1841,2010-01-16,2.0
1842,2010-01-17,2.0
1843,2010-01-18,2.0
1844,2010-01-19,2.0
1845,2010-01-20,2.0
1846,2010-01-21,2.0
1847,2010-01-22,2.0
1848,2010-01-23,2.0
1849,2010-01-24,2.0
1850,2010-01-25,2.0
1851,2010-01-26,2.0
1852,2010-01-27,2.0
1853,2010-01-28,2.0
1854,2010-01-29,2.0
1855,2010-01-30,2.0
1856,2010-01-31,2.0
1857,2010-02-01,2.0
1858,2010-02-02,2.0
1859,2010-02-03,2.0
1860,2010-02-04,2.0
1861,2010-02-05,2.0
1862,2010-02-06,2.0
1863,2010-02-07,2.0
1864,2010-02-08,2.0
1865,2010-02-09,2.0
1866,2010-02-10,2.0
1867,2010-02-11,2.0
1868,2010-02-12,2.0
1869,2010-02-13,2.0
1870,2010-02-14,2.0
1871,2010-02-15,2.0
1872,2010-02-16,2.0
1873,2010-02-17,2.0
1874,2010-02-18,2.0
1875,2010-02-19,2.0
1876,2010-02-20,2.0
1877,2010-02-21,2.0
1878,2010-02-22,2.0
1879,2010-02-23,2.0
1880,2010-02-24,2.0
1881,2010-02-25,2.0
1882,2010-02-26,2.0
1883,2010-02-27,2.0
1884,2010-02-28,2.0
1885,2010-03-01,2.0
1886,2010-03-02,2.0
1887,2010-03-03,2.0
1888,2010-03-04,2.0
1889,2010-03-05,2.0
1890,2010-03-06,2.0
1891,2010-03-07,2.0
1892,2010-03-08,2.0
1893,2010-03-09,2.0
1894,2010-03-10,2.0
1895,2010-03-11,2.0
1896,2010-03-12,2.0
1897,2010-03-13,2.0
1898,2010-03-14,2.0
1899,2010-03-15,2.0
1900,2010-03-16,2.0
1901,2010-03-17,2.0
1902,2010-03-18,2.0
1903,2010-03-19,2.0
1904,2010-03-20,2.0
1905,2010-03-21,2.0
1906,2010-03-22,2.0
1907,2010-03-23,2.0
1908,2010-03-24,2.0
1909,2010-03-25,2.0
1910,2010-03-26,2.0
1911,2010-03-27,2.0
1912,2010-03-28,2.0
1913,2010-03-29,2.0
1914,2010-03-30,2.0
1915,2010-03-31,2.0
1916,2010-04-01,2.0
1917,2010-04-02,2.0
1918,2010-04-03,2.0
1919,2010-04-04,2.0
1920,2010-04-05,2.0
1921,2010-04-06,2.0
1922,2010-04-07,2.0
1923,2010-04-08,2.0
1924,2010-04-09,2.0
1925,2010-04-10,2.0
1926,2010-04-11,2.0
1927,2010-04-12,2.0
1928,2010-04-13,2.0
1929,2010-04-14,2.0
1930,2010-04-15,2.0
1931,2010-04-16,2.0
1932,2010-04-17,2.0
1933,2010-04-18,2.0
1934,2010-04-19,2.0
1935,2010-04-20,2.0
1936,2010-04-21,2.0
1937,2010-04-22,2.0
1938,2010-04-23,2.0
1939,2010-04-24,2.0
1940,2010-04-25,2.0
1941,2010-04-26,2.0
1942,2010-04-27,2.0
1943,2010-04-28,2.0
1944,2010-04-29,2.0
1945,2010-04-30,2.0
1946,2010-05-01,2.0
1947,2010-05-02,2.0
1948,2010-05-03,2.0
1949,2010-05-04,2.0
1950,2010-05-05,2.0
1951,2010-05-06,2.0
1952,2010-05-07,2.0
1953,2010-05-08,2.0
1954,2010-05-09,2.0
1955,2010-05-10,2.0
1956,2010-05-11,2.0
1957,2010-05-12,2.0
1958,2010-05-13,2.0
1959,2010-05-14,2.0
1960,2010-05-15,2.0
1961,2010-05-16,2.0
1962,2010-05-17,2.0
1963,2010-05-18,2.0
1964,2010-05-19,2.0
1965,2010-05-20,2.0
1966,2010-05-21,2.0
1967,2010-05-22,2.0
1968,2010-05-23,2.0
1969,2010-05-24,2.0
1970,2010-05-25,2.0
1971,2010-05-26,2.0
1972,2010-05-27,2.0
1973,2010-05-28,2.0
1974,2010-05-29,2.0
1975,2010-05-30,2.0
1976,2010-05-31,2.0
1977,2010-06-01,2.0
1978,2010-06-02,2.0
1979,2010-06-03,2.0
1980,2010-06-04,2.0
1981,2010-06-05,2.0
1982,2010-06-06,2.0
1983,2010-06-07,2.0
1984,2010-06-08,2.0
1985,2010-06-09,2.0
1986,2010-06-10,2.0
1987,2010-06-11,2.0
1988,2010-06-12,2.0
1989,2010-06-13,2.0
1990,2010-06-14,2.0
1991,2010-06-15,2.0
1992,2010-06-16,2.0
1993,2010-06-17,2.0
1994,2010-06-18,2.0
1995,2010-06-19,2.0
1996,2010-06-20,2.0
1997,2010-06-21,2.0
1998,2010-06-22,2.0
1999,2010-06-23,2.0
2000,2010-06-24,2.0
2001,2010-06-25,2.0
2002,2010-06-26,2.0
2003,2010-06-27,2.0
2004,2010-06-28,2.0
2005,2010-06-29,2.0
2006,2010-06-30,2.0
2007,2010-07-01,2.0
2008,2010-07-02,2.0
2009,2010-07-03,2.0
2010,2010-07-04,2.0
2011,2010-07-05,2.0
2012,2010-07-06,2.0
2013,2010-07-07,2.0
2014,2010-07-08,2.0
2015,2010-07-09,2.25
2016,2010-07-10,2.25
2017,2010-07-11,2.25
2018,2010-07-12,2.25
2019,2010-07-13,2.25
2020,2010-07-14,2.25
2021,2010-07-15,2.25
2022,2010-07-16,2.25
2023,2010-07-17,2.25
2024,2010-07-18,2.25
2025,2010-07-19,2.25
2026,2010-07-20,2.25
2027,2010-07-21,2.25
2028,2010-07-22,2.25
2029,2010-07-23,2.25
2030,2010-07-24,2.25
2031,2010-07-25,2.25
2032,2010-07-26,2.25
2033,2010-07-27,2.25
2034,2010-07-28,2.25
2035,2010-07-29,2.25
2036,2010-07-30,2.25
2037,2010-07-31,2.25
2038,2010-08-01,2.25
2039,2010-08-02,2.25
2040,2010-08-03,2.25
2041,2010-08-04,2.25
2042,2010-08-05,2.25
2043,2010-08-06,2.25
2044,2010-08-07,2.25
2045,2010-08-08,2.25
2046,2010-08-09,2.25
2047,2010-08-10,2.25
2048,2010-08-11,2.25
2049,2010-08-12,2.25
2050,2010-08-13,2.25
2051,2010-08-14,2.25
2052,2010-08-15,2.25
2053,2010-08-16,2.25
2054,2010-08-17,2.25
2055,2010-08-18,2.25
2056,2010-08-19,2.25
2057,2010-08-20,2.25
2058,2010-08-21,2.25
2059,2010-08-22,2.25
2060,2010-08-23,2.25
2061,2010-08-24,2.25
2062,2010-08-25,2.25
2063,2010-08-26,2.25
2064,2010-08-27,2.25
2065,2010-08-28,2.25
2066,2010-08-29,2.25
2067,2010-08-30,2.25
2068,2010-08-31,2.25
2069,2010-09-01,2.25
2070,2010-09-02,2.25
2071,2010-09-03,2.25
2072,2010-09-04,2.25
2073,2010-09-05,2.25
2074,2010-09-06,2.25
2075,2010-09-07,2.25
2076,2010-09-08,2.25
2077,2010-09-09,2.25
2078,2010-09-10,2.25
2079,2010-09-11,2.25
2080,2010-09-12,2.25
2081,2010-09-13,2.25
2082,2010-09-14,2.25
2083,2010-09-15,2.25
2084,2010-09-16,2.25
2085,2010-09-17,2.25
2086,2010-09-18,2.25
2087,2010-09-19,2.25
2088,2010-09-20,2.25
2089,2010-09-21,2.25
2090,2010-09-22,2.25
2091,2010-09-23,2.25
2092,2010-09-24,2.25
2093,2010-09-25,2.25
2094,2010-09-26,2.25
2095,2010-09-27,2.25
2096,2010-09-28,2.25
2097,2010-09-29,2.25
2098,2010-09-30,2.25
2099,2010-10-01,2.25
2100,2010-10-02,2.25
2101,2010-10-03,2.25
2102,2010-10-04,2.25
2103,2010-10-05,2.25
2104,2010-10-06,2.25
2105,2010-10-07,2.25
2106,2010-10-08,2.25
2107,2010-10-09,2.25
2108,2010-10-10,2.25
2109,2010-10-11,2.25
2110,2010-10-12,2.25
2111,2010-10-13,2.25
2112,2010-10-14,2.25
2113,2010-10-15,2.25
2114,2010-10-16,2.25
2115,2010-10-17,2.25
2116,2010-10-18,2.25
2117,2010-10-19,2.25
2118,2010-10-20,2.25
2119,2010-10-21,2.25
2120,2010-10-22,2.25
2121,2010-10-23,2.25
2122,2010-10-24,2.25
2123,2010-10-25,2.25
2124,2010-10-26,2.25
2125,2010-10-27,2.25
2126,2010-10-28,2.25
2127,2010-10-29,2.25
2128,2010-10-30,2.25
2129,2010-10-31,2.25
2130,2010-11-01,2.25
2131,2010-11-02,2.25
2132,2010-11-03,2.25
2133,2010-11-04,2.25
2134,2010-11-05,2.25
2135,2010-11-06,2.25
2136,2010-11-07,2.25
2137,2010-11-08,2.25
2138,2010-11-09,2.25
2139,2010-11-10,2.25
2140,2010-11-11,2.25
2141,2010-11-12,2.25
2142,2010-11-13,2.25
2143,2010-11-14,2.25
2144,2010-11-15,2.25
2145,2010-11-16,2.5
2146,2010-11-17,2.5
2147,2010-11-18,2.5
2148,2010-11-19,2.5
2149,2010-11-20,2.5
2150,2010-11-21,2.5
2151,2010-11-22,2.5
2152,2010-11-23,2.5
2153,2010-11-24,2.5
2154,2010-11-25,2.5
2155,2010-11-26,2.5
2156,2010-11-27,2.5
2157,2010-11-28,2.5
2158,2010-11-29,2.5
2159,2010-11-30,2.5
2160,2010-12-01,2.5
2161,2010-12-02,2.5
2162,2010-12-03,2.5
2163,2010-12-04,2.5
2164,2010-12-05,2.5
2165,2010-12-06,2.5
2166,2010-12-07,2.5
2167,2010-12-08,2.5
2168,2010-12-09,2.5
2169,2010-12-10,2.5
2170,2010-12-11,2.5
2171,2010-12-12,2.5
2172,2010-12-13,2.5
2173,2010-12-14,2.5
2174,2010-12-15,2.5
2175,2010-12-16,2.5
2176,2010-12-17,2.5
2177,2010-12-18,2.5
2178,2010-12-19,2.5
2179,2010-12-20,2.5
2180,2010-12-21,2.5
2181,2010-12-22,2.5
2182,2010-12-23,2.5
2183,2010-12-24,2.5
2184,2010-12-25,2.5
2185,2010-12-26,2.5
2186,2010-12-27,2.5
2187,2010-12-28,2.5
2188,2010-12-29,2.5
2189,2010-12-30,2.5
2190,2010-12-31,2.5
2191,2011-01-01,2.5
2192,2011-01-02,2.5
2193,2011-01-03,2.5
2194,2011-01-04,2.5
2195,2011-01-05,2.5
2196,2011-01-06,2.5
2197,2011-01-07,2.5
2198,2011-01-08,2.5
2199,2011-01-09,2.5
2200,2011-01-10,2.5
2201,2011-01-11,2.5
2202,2011-01-12,2.5
2203,2011-01-13,2.75
2204,2011-01-14,2.75
2205,2011-01-15,2.75
2206,2011-01-16,2.75
2207,2011-01-17,2.75
2208,2011-01-18,2.75
2209,2011-01-19,2.75
2210,2011-01-20,2.75
2211,2011-01-21,2.75
2212,2011-01-22,2.75
2213,2011-01-23,2.75
2214,2011-01-24,2.75
2215,2011-01-25,2.75
2216,2011-01-26,2.75
2217,2011-01-27,2.75
2218,2011-01-28,2.75
2219,2011-01-29,2.75
2220,2011-01-30,2.75
2221,2011-01-31,2.75
2222,2011-02-01,2.75
2223,2011-02-02,2.75
2224,2011-02-03,2.75
2225,2011-02-04,2.75
2226,2011-02-05,2.75
2227,2011-02-06,2.75
2228,2011-02-07,2.75
2229,2011-02-08,2.75
2230,2011-02-09,2.75
2231,2011-02-10,2.75
2232,2011-02-11,2.75
2233,2011-02-12,2.75
2234,2011-02-13,2.75
2235,2011-02-14,2.75
2236,2011-02-15,2.75
2237,2011-02-16,2.75
2238,2011-02-17,2.75
2239,2011-02-18,2.75
2240,2011-02-19,2.75
2241,2011-02-20,2.75
2242,2011-02-21,2.75
2243,2011-02-22,2.75
2244,2011-02-23,2.75
2245,2011-02-24,2.75
2246,2011-02-25,2.75
2247,2011-02-26,2.75
2248,2011-02-27,2.75
2249,2011-02-28,2.75
2250,2011-03-01,2.75
2251,2011-03-02,2.75
2252,2011-03-03,2.75
2253,2011-03-04,2.75
2254,2011-03-05,2.75
2255,2011-03-06,2.75
2256,2011-03-07,2.75
2257,2011-03-08,2.75
2258,2011-03-09,2.75
2259,2011-03-10,3.0
2260,2011-03-11,3.0
2261,2011-03-12,3.0
2262,2011-03-13,3.0
2263,2011-03-14,3.0
2264,2011-03-15,3.0
2265,2011-03-16,3.0
2266,2011-03-17,3.0
2267,2011-03-18,3.0
2268,2011-03-19,3.0
2269,2011-03-20,3.0
2270,2011-03-21,3.0
2271,2011-03-22,3.0
2272,2011-03-23,3.0
2273,2011-03-24,3.0
2274,2011-03-25,3.0
2275,2011-03-26,3.0
2276,2011-03-27,3.0
2277,2011-03-28,3.0
2278,2011-03-29,3.0
2279,2011-03-30,3.0
2280,2011-03-31,3.0
2281,2011-04-01,3.0
2282,2011-04-02,3.0
2283,2011-04-03,3.0
2284,2011-04-04,3.0
2285,2011-04-05,3.0
2286,2011-04-06,3.0
2287,2011-04-07,3.0
2288,2011-04-08,3.0
2289,2011-04-09,3.0
2290,2011-04-10,3.0
2291,2011-04-11,3.0
2292,2011-04-12,3.0
2293,2011-04-13,3.0
2294,2011-04-14,3.0
2295,2011-04-15,3.0
2296,2011-04-16,3.0
2297,2011-04-17,3.0
2298,2011-04-18,3.0
2299,2011-04-19,3.0
2300,2011-04-20,3.0
2301,2011-04-21,3.0
2302,2011-04-22,3.0
2303,2011-04-23,3.0
2304,2011-04-24,3.0
2305,2011-04-25,3.0
2306,2011-04-26,3.0
2307,2011-04-27,3.0
2308,2011-04-28,3.0
2309,2011-04-29,3.0
2310,2011-04-30,3.0
2311,2011-05-01,3.0
2312,2011-05-02,3.0
2313,2011-05-03,3.0
2314,2011-05-04,3.0
2315,2011-05-05,3.0
2316,2011-05-06,3.0
2317,2011-05-07,3.0
2318,2011-05-08,3.0
2319,2011-05-09,3.0
2320,2011-05-10,3.0
2321,2011-05-11,3.0
2322,2011-05-12,3.0
2323,2011-05-13,3.0
2324,2011-05-14,3.0
2325,2011-05-15,3.0
2326,2011-05-16,3.0
2327,2011-05-17,3.0
2328,2011-05-18,3.0
2329,2011-05-19,3.0
2330,2011-05-20,3.0
2331,2011-05-21,3.0
2332,2011-05-22,3.0
2333,2011-05-23,3.0
2334,2011-05-24,3.0
2335,2011-05-25,3.0
2336,2011-05-26,3.0
2337,2011-05-27,3.0
2338,2011-05-28,3.0
2339,2011-05-29,3.0
2340,2011-05-30,3.0
2341,2011-05-31,3.0
2342,2011-06-01,3.0
2343,2011-06-02,3.0
2344,2011-06-03,3.0
2345,2011-06-04,3.0
2346,2011-06-05,3.0
2347,2011-06-06,3.0
2348,2011-06-07,3.0
2349,2011-06-08,3.0
2350,2011-06-09,3.0
2351,2011-06-10,3.25
2352,2011-06-11,3.25
2353,2011-06-12,3.25
2354,2011-06-13,3.25
2355,2011-06-14,3.25
2356,2011-06-15,3.25
2357,2011-06-16,3.25
2358,2011-06-17,3.25
2359,2011-06-18,3.25
2360,2011-06-19,3.25
2361,2011-06-20,3.25
2362,2011-06-21,3.25
2363,2011-06-22,3.25
2364,2011-06-23,3.25
2365,2011-06-24,3.25
2366,2011-06-25,3.25
2367,2011-06-26,3.25
2368,2011-06-27,3.25
2369,2011-06-28,3.25
2370,2011-06-29,3.25
2371,2011-06-30,3.25
2372,2011-07-01,3.25
2373,2011-07-02,3.25
2374,2011-07-03,3.25
2375,2011-07-04,3.25
2376,2011-07-05,3.25
2377,2011-07-06,3.25
2378,2011-07-07,3.25
2379,2011-07-08,3.25
2380,2011-07-09,3.25
2381,2011-07-10,3.25
2382,2011-07-11,3.25
2383,2011-07-12,3.25
2384,2011-07-13,3.25
2385,2011-07-14,3.25
2386,2011-07-15,3.25
2387,2011-07-16,3.25
2388,2011-07-17,3.25
2389,2011-07-18,3.25
2390,2011-07-19,3.25
2391,2011-07-20,3.25
2392,2011-07-21,3.25
2393,2011-07-22,3.25
2394,2011-07-23,3.25
2395,2011-07-24,3.25
2396,2011-07-25,3.25
2397,2011-07-26,3.25
2398,2011-07-27,3.25
2399,2011-07-28,3.25
2400,2011-07-29,3.25
2401,2011-07-30,3.25
2402,2011-07-31,3.25
2403,2011-08-01,3.25
2404,2011-08-02,3.25
2405,2011-08-03,3.25
2406,2011-08-04,3.25
2407,2011-08-05,3.25
2408,2011-08-06,3.25
2409,2011-08-07,3.25
2410,2011-08-08,3.25
2411,2011-08-09,3.25
2412,2011-08-10,3.25
2413,2011-08-11,3.25
2414,2011-08-12,3.25
2415,2011-08-13,3.25
2416,2011-08-14,3.25
2417,2011-08-15,3.25
2418,2011-08-16,3.25
2419,2011-08-17,3.25
2420,2011-08-18,3.25
2421,2011-08-19,3.25
2422,2011-08-20,3.25
2423,2011-08-21,3.25
2424,2011-08-22,3.25
2425,2011-08-23,3.25
2426,2011-08-24,3.25
2427,2011-08-25,3.25
2428,2011-08-26,3.25
2429,2011-08-27,3.25
2430,2011-08-28,3.25
2431,2011-08-29,3.25
2432,2011-08-30,3.25
2433,2011-08-31,3.25
2434,2011-09-01,3.25
2435,2011-09-02,3.25
2436,2011-09-03,3.25
2437,2011-09-04,3.25
2438,2011-09-05,3.25
2439,2011-09-06,3.25
2440,2011-09-07,3.25
2441,2011-09-08,3.25
2442,2011-09-09,3.25
2443,2011-09-10,3.25
2444,2011-09-11,3.25
2445,2011-09-12,3.25
2446,2011-09-13,3.25
2447,2011-09-14,3.25
2448,2011-09-15,3.25
2449,2011-09-16,3.25
2450,2011-09-17,3.25
2451,2011-09-18,3.25
2452,2011-09-19,3.25
2453,2011-09-20,3.25
2454,2011-09-21,3.25
2455,2011-09-22,3.25
2456,2011-09-23,3.25
2457,2011-09-24,3.25
2458,2011-09-25,3.25
2459,2011-09-26,3.25
2460,2011-09-27,3.25
2461,2011-09-28,3.25
2462,2011-09-29,3.25
2463,2011-09-30,3.25
2464,2011-10-01,3.25
2465,2011-10-02,3.25
2466,2011-10-03,3.25
2467,2011-10-04,3.25
2468,2011-10-05,3.25
2469,2011-10-06,3.25
2470,2011-10-07,3.25
2471,2011-10-08,3.25
2472,2011-10-09,3.25
2473,2011-10-10,3.25
2474,2011-10-11,3.25
2475,2011-10-12,3.25
2476,2011-10-13,3.25
2477,2011-10-14,3.25
2478,2011-10-15,3.25
2479,2011-10-16,3.25
2480,2011-10-17,3.25
2481,2011-10-18,3.25
2482,2011-10-19,3.25
2483,2011-10-20,3.25
2484,2011-10-21,3.25
2485,2011-10-22,3.25
2486,2011-10-23,3.25
2487,2011-10-24,3.25
2488,2011-10-25,3.25
2489,2011-10-26,3.25
2490,2011-10-27,3.25
2491,2011-10-28,3.25
2492,2011-10-29,3.25
2493,2011-10-30,3.25
2494,2011-10-31,3.25
2495,2011-11-01,3.25
2496,2011-11-02,3.25
2497,2011-11-03,3.25
2498,2011-11-04,3.25
2499,2011-11-05,3.25
2500,2011-11-06,3.25
2501,2011-11-07,3.25
2502,2011-11-08,3.25
2503,2011-11-09,3.25
2504,2011-11-10,3.25
2505,2011-11-11,3.25
2506,2011-11-12,3.25
2507,2011-11-13,3.25
2508,2011-11-14,3.25
2509,2011-11-15,3.25
2510,2011-11-16,3.25
2511,2011-11-17,3.25
2512,2011-11-18,3.25
2513,2011-11-19,3.25
2514,2011-11-20,3.25
2515,2011-11-21,3.25
2516,2011-11-22,3.25
2517,2011-11-23,3.25
2518,2011-11-24,3.25
2519,2011-11-25,3.25
2520,2011-11-26,3.25
2521,2011-11-27,3.25
2522,2011-11-28,3.25
2523,2011-11-29,3.25
2524,2011-11-30,3.25
2525,2011-12-01,3.25
2526,2011-12-02,3.25
2527,2011-12-03,3.25
2528,2011-12-04,3.25
2529,2011-12-05,3.25
2530,2011-12-06,3.25
2531,2011-12-07,3.25
2532,2011-12-08,3.25
2533,2011-12-09,3.25
2534,2011-12-10,3.25
2535,2011-12-11,3.25
2536,2011-12-12,3.25
2537,2011-12-13,3.25
2538,2011-12-14,3.25
2539,2011-12-15,3.25
2540,2011-12-16,3.25
2541,2011-12-17,3.25
2542,2011-12-18,3.25
2543,2011-12-19,3.25
2544,2011-12-20,3.25
2545,2011-12-21,3.25
2546,2011-12-22,3.25
2547,2011-12-23,3.25
2548,2011-12-24,3.25
2549,2011-12-25,3.25
2550,2011-12-26,3.25
2551,2011-12-27,3.25
2552,2011-12-28,3.25
2553,2011-12-29,3.25
2554,2011-12-30,3.25
2555,2011-12-31,3.25
2556,2012-01-01,3.25
2557,2012-01-02,3.25
2558,2012-01-03,3.25
2559,2012-01-04,3.25
2560,2012-01-05,3.25
2561,2012-01-06,3.25
2562,2012-01-07,3.25
2563,2012-01-08,3.25
2564,2012-01-09,3.25
2565,2012-01-10,3.25
2566,2012-01-11,3.25
2567,2012-01-12,3.25
2568,2012-01-13,3.25
2569,2012-01-14,3.25
2570,2012-01-15,3.25
2571,2012-01-16,3.25
2572,2012-01-17,3.25
2573,2012-01-18,3.25
2574,2012-01-19,3.25
2575,2012-01-20,3.25
2576,2012-01-21,3.25
2577,2012-01-22,3.25
2578,2012-01-23,3.25
2579,2012-01-24,3.25
2580,2012-01-25,3.25
2581,2012-01-26,3.25
2582,2012-01-27,3.25
2583,2012-01-28,3.25
2584,2012-01-29,3.25
2585,2012-01-30,3.25
2586,2012-01-31,3.25
2587,2012-02-01,3.25
2588,2012-02-02,3.25
2589,2012-02-03,3.25
2590,2012-02-04,3.25
2591,2012-02-05,3.25
2592,2012-02-06,3.25
2593,2012-02-07,3.25
2594,2012-02-08,3.25
2595,2012-02-09,3.25
2596,2012-02-10,3.25
2597,2012-02-11,3.25
2598,2012-02-12,3.25
2599,2012-02-13,3.25
2600,2012-02-14,3.25
2601,2012-02-15,3.25
2602,2012-02-16,3.25
2603,2012-02-17,3.25
2604,2012-02-18,3.25
2605,2012-02-19,3.25
2606,2012-02-20,3.25
2607,2012-02-21,3.25
2608,2012-02-22,3.25
2609,2012-02-23,3.25
2610,2012-02-24,3.25
2611,2012-02-25,3.25
2612,2012-02-26,3.25
2613,2012-02-27,3.25
2614,2012-02-28,3.25
2615,2012-02-29,3.25
2616,2012-03-01,3.25
2617,2012-03-02,3.25
2618,2012-03-03,3.25
2619,2012-03-04,3.25
2620,2012-03-05,3.25
2621,2012-03-06,3.25
2622,2012-03-07,3.25
2623,2012-03-08,3.25
2624,2012-03-09,3.25
2625,2012-03-10,3.25
2626,2012-03-11,3.25
2627,2012-03-12,3.25
2628,2012-03-13,3.25
2629,2012-03-14,3.25
2630,2012-03-15,3.25
2631,2012-03-16,3.25
2632,2012-03-17,3.25
2633,2012-03-18,3.25
2634,2012-03-19,3.25
2635,2012-03-20,3.25
2636,2012-03-21,3.25
2637,2012-03-22,3.25
2638,2012-03-23,3.25
2639,2012-03-24,3.25
2640,2012-03-25,3.25
2641,2012-03-26,3.25
2642,2012-03-27,3.25
2643,2012-03-28,3.25
2644,2012-03-29,3.25
2645,2012-03-30,3.25
2646,2012-03-31,3.25
2647,2012-04-01,3.25
2648,2012-04-02,3.25
2649,2012-04-03,3.25
2650,2012-04-04,3.25
2651,2012-04-05,3.25
2652,2012-04-06,3.25
2653,2012-04-07,3.25
2654,2012-04-08,3.25
2655,2012-04-09,3.25
2656,2012-04-10,3.25
2657,2012-04-11,3.25
2658,2012-04-12,3.25
2659,2012-04-13,3.25
2660,2012-04-14,3.25
2661,2012-04-15,3.25
2662,2012-04-16,3.25
2663,2012-04-17,3.25
2664,2012-04-18,3.25
2665,2012-04-19,3.25
2666,2012-04-20,3.25
2667,2012-04-21,3.25
2668,2012-04-22,3.25
2669,2012-04-23,3.25
2670,2012-04-24,3.25
2671,2012-04-25,3.25
2672,2012-04-26,3.25
2673,2012-04-27,3.25
2674,2012-04-28,3.25
2675,2012-04-29,3.25
2676,2012-04-30,3.25
2677,2012-05-01,3.25
2678,2012-05-02,3.25
2679,2012-05-03,3.25
2680,2012-05-04,3.25
2681,2012-05-05,3.25
2682,2012-05-06,3.25
2683,2012-05-07,3.25
2684,2012-05-08,3.25
2685,2012-05-09,3.25
2686,2012-05-10,3.25
2687,2012-05-11,3.25
2688,2012-05-12,3.25
2689,2012-05-13,3.25
2690,2012-05-14,3.25
2691,2012-05-15,3.25
2692,2012-05-16,3.25
2693,2012-05-17,3.25
2694,2012-05-18,3.25
2695,2012-05-19,3.25
2696,2012-05-20,3.25
2697,2012-05-21,3.25
2698,2012-05-22,3.25
2699,2012-05-23,3.25
2700,2012-05-24,3.25
2701,2012-05-25,3.25
2702,2012-05-26,3.25
2703,2012-05-27,3.25
2704,2012-05-28,3.25
2705,2012-05-29,3.25
2706,2012-05-30,3.25
2707,2012-05-31,3.25
2708,2012-06-01,3.25
2709,2012-06-02,3.25
2710,2012-06-03,3.25
2711,2012-06-04,3.25
2712,2012-06-05,3.25
2713,2012-06-06,3.25
2714,2012-06-07,3.25
2715,2012-06-08,3.25
2716,2012-06-09,3.25
2717,2012-06-10,3.25
2718,2012-06-11,3.25
2719,2012-06-12,3.25
2720,2012-06-13,3.25
2721,2012-06-14,3.25
2722,2012-06-15,3.25
2723,2012-06-16,3.25
2724,2012-06-17,3.25
2725,2012-06-18,3.25
2726,2012-06-19,3.25
2727,2012-06-20,3.25
2728,2012-06-21,3.25
2729,2012-06-22,3.25
2730,2012-06-23,3.25
2731,2012-06-24,3.25
2732,2012-06-25,3.25
2733,2012-06-26,3.25
2734,2012-06-27,3.25
2735,2012-06-28,3.25
2736,2012-06-29,3.25
2737,2012-06-30,3.25
2738,2012-07-01,3.25
2739,2012-07-02,3.25
2740,2012-07-03,3.25
2741,2012-07-04,3.25
2742,2012-07-05,3.25
2743,2012-07-06,3.25
2744,2012-07-07,3.25
2745,2012-07-08,3.25
2746,2012-07-09,3.25
2747,2012-07-10,3.25
2748,2012-07-11,3.25
2749,2012-07-12,3.0
2750,2012-07-13,3.0
2751,2012-07-14,3.0
2752,2012-07-15,3.0
2753,2012-07-16,3.0
2754,2012-07-17,3.0
2755,2012-07-18,3.0
2756,2012-07-19,3.0
2757,2012-07-20,3.0
2758,2012-07-21,3.0
2759,2012-07-22,3.0
2760,2012-07-23,3.0
2761,2012-07-24,3.0
2762,2012-07-25,3.0
2763,2012-07-26,3.0
2764,2012-07-27,3.0
2765,2012-07-28,3.0
2766,2012-07-29,3.0
2767,2012-07-30,3.0
2768,2012-07-31,3.0
2769,2012-08-01,3.0
2770,2012-08-02,3.0
2771,2012-08-03,3.0
2772,2012-08-04,3.0
2773,2012-08-05,3.0
2774,2012-08-06,3.0
2775,2012-08-07,3.0
2776,2012-08-08,3.0
2777,2012-08-09,3.0
2778,2012-08-10,3.0
2779,2012-08-11,3.0
2780,2012-08-12,3.0
2781,2012-08-13,3.0
2782,2012-08-14,3.0
2783,2012-08-15,3.0
2784,2012-08-16,3.0
2785,2012-08-17,3.0
2786,2012-08-18,3.0
2787,2012-08-19,3.0
2788,2012-08-20,3.0
2789,2012-08-21,3.0
2790,2012-08-22,3.0
2791,2012-08-23,3.0
2792,2012-08-24,3.0
2793,2012-08-25,3.0
2794,2012-08-26,3.0
2795,2012-08-27,3.0
2796,2012-08-28,3.0
2797,2012-08-29,3.0
2798,2012-08-30,3.0
2799,2012-08-31,3.0
2800,2012-09-01,3.0
2801,2012-09-02,3.0
2802,2012-09-03,3.0
2803,2012-09-04,3.0
2804,2012-09-05,3.0
2805,2012-09-06,3.0
2806,2012-09-07,3.0
2807,2012-09-08,3.0
2808,2012-09-09,3.0
2809,2012-09-10,3.0
2810,2012-09-11,3.0
2811,2012-09-12,3.0
2812,2012-09-13,3.0
2813,2012-09-14,3.0
2814,2012-09-15,3.0
2815,2012-09-16,3.0
2816,2012-09-17,3.0
2817,2012-09-18,3.0
2818,2012-09-19,3.0
2819,2012-09-20,3.0
2820,2012-09-21,3.0
2821,2012-09-22,3.0
2822,2012-09-23,3.0
2823,2012-09-24,3.0
2824,2012-09-25,3.0
2825,2012-09-26,3.0
2826,2012-09-27,3.0
2827,2012-09-28,3.0
2828,2012-09-29,3.0
2829,2012-09-30,3.0
2830,2012-10-01,3.0
2831,2012-10-02,3.0
2832,2012-10-03,3.0
2833,2012-10-04,3.0
2834,2012-10-05,3.0
2835,2012-10-06,3.0
2836,2012-10-07,3.0
2837,2012-10-08,3.0
2838,2012-10-09,3.0
2839,2012-10-10,3.0
2840,2012-10-11,2.75
2841,2012-10-12,2.75
2842,2012-10-13,2.75
2843,2012-10-14,2.75
2844,2012-10-15,2.75
2845,2012-10-16,2.75
2846,2012-10-17,2.75
2847,2012-10-18,2.75
2848,2012-10-19,2.75
2849,2012-10-20,2.75
2850,2012-10-21,2.75
2851,2012-10-22,2.75
2852,2012-10-23,2.75
2853,2012-10-24,2.75
2854,2012-10-25,2.75
2855,2012-10-26,2.75
2856,2012-10-27,2.75
2857,2012-10-28,2.75
2858,2012-10-29,2.75
2859,2012-10-30,2.75
2860,2012-10-31,2.75
2861,2012-11-01,2.75
2862,2012-11-02,2.75
2863,2012-11-03,2.75
2864,2012-11-04,2.75
2865,2012-11-05,2.75
2866,2012-11-06,2.75
2867,2012-11-07,2.75
2868,2012-11-08,2.75
2869,2012-11-09,2.75
2870,2012-11-10,2.75
2871,2012-11-11,2.75
2872,2012-11-12,2.75
2873,2012-11-13,2.75
2874,2012-11-14,2.75
2875,2012-11-15,2.75
2876,2012-11-16,2.75
2877,2012-11-17,2.75
2878,2012-11-18,2.75
2879,2012-11-19,2.75
2880,2012-11-20,2.75
2881,2012-11-21,2.75
2882,2012-11-22,2.75
2883,2012-11-23,2.75
2884,2012-11-24,2.75
2885,2012-11-25,2.75
2886,2012-11-26,2.75
2887,2012-11-27,2.75
2888,2012-11-28,2.75
2889,2012-11-29,2.75
2890,2012-11-30,2.75
2891,2012-12-01,2.75
2892,2012-12-02,2.75
2893,2012-12-03,2.75
2894,2012-12-04,2.75
2895,2012-12-05,2.75
2896,2012-12-06,2.75
2897,2012-12-07,2.75
2898,2012-12-08,2.75
2899,2012-12-09,2.75
2900,2012-12-10,2.75
2901,2012-12-11,2.75
2902,2012-12-12,2.75
2903,2012-12-13,2.75
2904,2012-12-14,2.75
2905,2012-12-15,2.75
2906,2012-12-16,2.75
2907,2012-12-17,2.75
2908,2012-12-18,2.75
2909,2012-12-19,2.75
2910,2012-12-20,2.75
2911,2012-12-21,2.75
2912,2012-12-22,2.75
2913,2012-12-23,2.75
2914,2012-12-24,2.75
2915,2012-12-25,2.75
2916,2012-12-26,2.75
2917,2012-12-27,2.75
2918,2012-12-28,2.75
2919,2012-12-29,2.75
2920,2012-12-30,2.75
2921,2012-12-31,2.75
2922,2013-01-01,2.75
2923,2013-01-02,2.75
2924,2013-01-03,2.75
2925,2013-01-04,2.75
2926,2013-01-05,2.75
2927,2013-01-06,2.75
2928,2013-01-07,2.75
2929,2013-01-08,2.75
2930,2013-01-09,2.75
2931,2013-01-10,2.75
2932,2013-01-11,2.75
2933,2013-01-12,2.75
2934,2013-01-13,2.75
2935,2013-01-14,2.75
2936,2013-01-15,2.75
2937,2013-01-16,2.75
2938,2013-01-17,2.75
2939,2013-01-18,2.75
2940,2013-01-19,2.75
2941,2013-01-20,2.75
2942,2013-01-21,2.75
2943,2013-01-22,2.75
2944,2013-01-23,2.75
2945,2013-01-24,2.75
2946,2013-01-25,2.75
2947,2013-01-26,2.75
2948,2013-01-27,2.75
2949,2013-01-28,2.75
2950,2013-01-29,2.75
2951,2013-01-30,2.75
2952,2013-01-31,2.75
2953,2013-02-01,2.75
2954,2013-02-02,2.75
2955,2013-02-03,2.75
2956,2013-02-04,2.75
2957,2013-02-05,2.75
2958,2013-02-06,2.75
2959,2013-02-07,2.75
2960,2013-02-08,2.75
2961,2013-02-09,2.75
2962,2013-02-10,2.75
2963,2013-02-11,2.75
2964,2013-02-12,2.75
2965,2013-02-13,2.75
2966,2013-02-14,2.75
2967,2013-02-15,2.75
2968,2013-02-16,2.75
2969,2013-02-17,2.75
2970,2013-02-18,2.75
2971,2013-02-19,2.75
2972,2013-02-20,2.75
2973,2013-02-21,2.75
2974,2013-02-22,2.75
2975,2013-02-23,2.75
2976,2013-02-24,2.75
2977,2013-02-25,2.75
2978,2013-02-26,2.75
2979,2013-02-27,2.75
2980,2013-02-28,2.75
2981,2013-03-01,2.75
2982,2013-03-02,2.75
2983,2013-03-03,2.75
2984,2013-03-04,2.75
2985,2013-03-05,2.75
2986,2013-03-06,2.75
2987,2013-03-07,2.75
2988,2013-03-08,2.75
2989,2013-03-09,2.75
2990,2013-03-10,2.75
2991,2013-03-11,2.75
2992,2013-03-12,2.75
2993,2013-03-13,2.75
2994,2013-03-14,2.75
2995,2013-03-15,2.75
2996,2013-03-16,2.75
2997,2013-03-17,2.75
2998,2013-03-18,2.75
2999,2013-03-19,2.75
3000,2013-03-20,2.75
3001,2013-03-21,2.75
3002,2013-03-22,2.75
3003,2013-03-23,2.75
3004,2013-03-24,2.75
3005,2013-03-25,2.75
3006,2013-03-26,2.75
3007,2013-03-27,2.75
3008,2013-03-28,2.75
3009,2013-03-29,2.75
3010,2013-03-30,2.75
3011,2013-03-31,2.75
3012,2013-04-01,2.75
3013,2013-04-02,2.75
3014,2013-04-03,2.75
3015,2013-04-04,2.75
3016,2013-04-05,2.75
3017,2013-04-06,2.75
3018,2013-04-07,2.75
3019,2013-04-08,2.75
3020,2013-04-09,2.75
3021,2013-04-10,2.75
3022,2013-04-11,2.75
3023,2013-04-12,2.75
3024,2013-04-13,2.75
3025,2013-04-14,2.75
3026,2013-04-15,2.75
3027,2013-04-16,2.75
3028,2013-04-17,2.75
3029,2013-04-18,2.75
3030,2013-04-19,2.75
3031,2013-04-20,2.75
3032,2013-04-21,2.75
3033,2013-04-22,2.75
3034,2013-04-23,2.75
3035,2013-04-24,2.75
3036,2013-04-25,2.75
3037,2013-04-26,2.75
3038,2013-04-27,2.75
3039,2013-04-28,2.75
3040,2013-04-29,2.75
3041,2013-04-30,2.75
3042,2013-05-01,2.75
3043,2013-05-02,2.75
3044,2013-05-03,2.75
3045,2013-05-04,2.75
3046,2013-05-05,2.75
3047,2013-05-06,2.75
3048,2013-05-07,2.75
3049,2013-05-08,2.75
3050,2013-05-09,2.5
3051,2013-05-10,2.5
3052,2013-05-11,2.5
3053,2013-05-12,2.5
3054,2013-05-13,2.5
3055,2013-05-14,2.5
3056,2013-05-15,2.5
3057,2013-05-16,2.5
3058,2013-05-17,2.5
3059,2013-05-18,2.5
3060,2013-05-19,2.5
3061,2013-05-20,2.5
3062,2013-05-21,2.5
3063,2013-05-22,2.5
3064,2013-05-23,2.5
3065,2013-05-24,2.5
3066,2013-05-25,2.5
3067,2013-05-26,2.5
3068,2013-05-27,2.5
3069,2013-05-28,2.5
3070,2013-05-29,2.5
3071,2013-05-30,2.5
3072,2013-05-31,2.5
3073,2013-06-01,2.5
3074,2013-06-02,2.5
3075,2013-06-03,2.5
3076,2013-06-04,2.5
3077,2013-06-05,2.5
3078,2013-06-06,2.5
3079,2013-06-07,2.5
3080,2013-06-08,2.5
3081,2013-06-09,2.5
3082,2013-06-10,2.5
3083,2013-06-11,2.5
3084,2013-06-12,2.5
3085,2013-06-13,2.5
3086,2013-06-14,2.5
3087,2013-06-15,2.5
3088,2013-06-16,2.5
3089,2013-06-17,2.5
3090,2013-06-18,2.5
3091,2013-06-19,2.5
3092,2013-06-20,2.5
3093,2013-06-21,2.5
3094,2013-06-22,2.5
3095,2013-06-23,2.5
3096,2013-06-24,2.5
3097,2013-06-25,2.5
3098,2013-06-26,2.5
3099,2013-06-27,2.5
3100,2013-06-28,2.5
3101,2013-06-29,2.5
3102,2013-06-30,2.5
3103,2013-07-01,2.5
3104,2013-07-02,2.5
3105,2013-07-03,2.5
3106,2013-07-04,2.5
3107,2013-07-05,2.5
3108,2013-07-06,2.5
3109,2013-07-07,2.5
3110,2013-07-08,2.5
3111,2013-07-09,2.5
3112,2013-07-10,2.5
3113,2013-07-11,2.5
3114,2013-07-12,2.5
3115,2013-07-13,2.5
3116,2013-07-14,2.5
3117,2013-07-15,2.5
3118,2013-07-16,2.5
3119,2013-07-17,2.5
3120,2013-07-18,2.5
3121,2013-07-19,2.5
3122,2013-07-20,2.5
3123,2013-07-21,2.5
3124,2013-07-22,2.5
3125,2013-07-23,2.5
3126,2013-07-24,2.5
3127,2013-07-25,2.5
3128,2013-07-26,2.5
3129,2013-07-27,2.5
3130,2013-07-28,2.5
3131,2013-07-29,2.5
3132,2013-07-30,2.5
3133,2013-07-31,2.5
3134,2013-08-01,2.5
3135,2013-08-02,2.5
3136,2013-08-03,2.5
3137,2013-08-04,2.5
3138,2013-08-05,2.5
3139,2013-08-06,2.5
3140,2013-08-07,2.5
3141,2013-08-08,2.5
3142,2013-08-09,2.5
3143,2013-08-10,2.5
3144,2013-08-11,2.5
3145,2013-08-12,2.5
3146,2013-08-13,2.5
3147,2013-08-14,2.5
3148,2013-08-15,2.5
3149,2013-08-16,2.5
3150,2013-08-17,2.5
3151,2013-08-18,2.5
3152,2013-08-19,2.5
3153,2013-08-20,2.5
3154,2013-08-21,2.5
3155,2013-08-22,2.5
3156,2013-08-23,2.5
3157,2013-08-24,2.5
3158,2013-08-25,2.5
3159,2013-08-26,2.5
3160,2013-08-27,2.5
3161,2013-08-28,2.5
3162,2013-08-29,2.5
3163,2013-08-30,2.5
3164,2013-08-31,2.5
3165,2013-09-01,2.5
3166,2013-09-02,2.5
3167,2013-09-03,2.5
3168,2013-09-04,2.5
3169,2013-09-05,2.5
3170,2013-09-06,2.5
3171,2013-09-07,2.5
3172,2013-09-08,2.5
3173,2013-09-09,2.5
3174,2013-09-10,2.5
3175,2013-09-11,2.5
3176,2013-09-12,2.5
3177,2013-09-13,2.5
3178,2013-09-14,2.5
3179,2013-09-15,2.5
3180,2013-09-16,2.5
3181,2013-09-17,2.5
3182,2013-09-18,2.5
3183,2013-09-19,2.5
3184,2013-09-20,2.5
3185,2013-09-21,2.5
3186,2013-09-22,2.5
3187,2013-09-23,2.5
3188,2013-09-24,2.5
3189,2013-09-25,2.5
3190,2013-09-26,2.5
3191,2013-09-27,2.5
3192,2013-09-28,2.5
3193,2013-09-29,2.5
3194,2013-09-30,2.5
3195,2013-10-01,2.5
3196,2013-10-02,2.5
3197,2013-10-03,2.5
3198,2013-10-04,2.5
3199,2013-10-05,2.5
3200,2013-10-06,2.5
3201,2013-10-07,2.5
3202,2013-10-08,2.5
3203,2013-10-09,2.5
3204,2013-10-10,2.5
3205,2013-10-11,2.5
3206,2013-10-12,2.5
3207,2013-10-13,2.5
3208,2013-10-14,2.5
3209,2013-10-15,2.5
3210,2013-10-16,2.5
3211,2013-10-17,2.5
3212,2013-10-18,2.5
3213,2013-10-19,2.5
3214,2013-10-20,2.5
3215,2013-10-21,2.5
3216,2013-10-22,2.5
3217,2013-10-23,2.5
3218,2013-10-24,2.5
3219,2013-10-25,2.5
3220,2013-10-26,2.5
3221,2013-10-27,2.5
3222,2013-10-28,2.5
3223,2013-10-29,2.5
3224,2013-10-30,2.5
3225,2013-10-31,2.5
3226,2013-11-01,2.5
3227,2013-11-02,2.5
3228,2013-11-03,2.5
3229,2013-11-04,2.5
3230,2013-11-05,2.5
3231,2013-11-06,2.5
3232,2013-11-07,2.5
3233,2013-11-08,2.5
3234,2013-11-09,2.5
3235,2013-11-10,2.5
3236,2013-11-11,2.5
3237,2013-11-12,2.5
3238,2013-11-13,2.5
3239,2013-11-14,2.5
3240,2013-11-15,2.5
3241,2013-11-16,2.5
3242,2013-11-17,2.5
3243,2013-11-18,2.5
3244,2013-11-19,2.5
3245,2013-11-20,2.5
3246,2013-11-21,2.5
3247,2013-11-22,2.5
3248,2013-11-23,2.5
3249,2013-11-24,2.5
3250,2013-11-25,2.5
3251,2013-11-26,2.5
3252,2013-11-27,2.5
3253,2013-11-28,2.5
3254,2013-11-29,2.5
3255,2013-11-30,2.5
3256,2013-12-01,2.5
3257,2013-12-02,2.5
3258,2013-12-03,2.5
3259,2013-12-04,2.5
3260,2013-12-05,2.5
3261,2013-12-06,2.5
3262,2013-12-07,2.5
3263,2013-12-08,2.5
3264,2013-12-09,2.5
3265,2013-12-10,2.5
3266,2013-12-11,2.5
3267,2013-12-12,2.5
3268,2013-12-13,2.5
3269,2013-12-14,2.5
3270,2013-12-15,2.5
3271,2013-12-16,2.5
3272,2013-12-17,2.5
3273,2013-12-18,2.5
3274,2013-12-19,2.5
3275,2013-12-20,2.5
3276,2013-12-21,2.5
3277,2013-12-22,2.5
3278,2013-12-23,2.5
3279,2013-12-24,2.5
3280,2013-12-25,2.5
3281,2013-12-26,2.5
3282,2013-12-27,2.5
3283,2013-12-28,2.5
3284,2013-12-29,2.5
3285,2013-12-30,2.5
3286,2013-12-31,2.5
3287,2014-01-01,2.5
3288,2014-01-02,2.5
3289,2014-01-03,2.5
3290,2014-01-04,2.5
3291,2014-01-05,2.5
3292,2014-01-06,2.5
3293,2014-01-07,2.5
3294,2014-01-08,2.5
3295,2014-01-09,2.5
3296,2014-01-10,2.5
3297,2014-01-11,2.5
3298,2014-01-12,2.5
3299,2014-01-13,2.5
3300,2014-01-14,2.5
3301,2014-01-15,2.5
3302,2014-01-16,2.5
3303,2014-01-17,2.5
3304,2014-01-18,2.5
3305,2014-01-19,2.5
3306,2014-01-20,2.5
3307,2014-01-21,2.5
3308,2014-01-22,2.5
3309,2014-01-23,2.5
3310,2014-01-24,2.5
3311,2014-01-25,2.5
3312,2014-01-26,2.5
3313,2014-01-27,2.5
3314,2014-01-28,2.5
3315,2014-01-29,2.5
3316,2014-01-30,2.5
3317,2014-01-31,2.5
3318,2014-02-01,2.5
3319,2014-02-02,2.5
3320,2014-02-03,2.5
3321,2014-02-04,2.5
3322,2014-02-05,2.5
3323,2014-02-06,2.5
3324,2014-02-07,2.5
3325,2014-02-08,2.5
3326,2014-02-09,2.5
3327,2014-02-10,2.5
3328,2014-02-11,2.5
3329,2014-02-12,2.5
3330,2014-02-13,2.5
3331,2014-02-14,2.5
3332,2014-02-15,2.5
3333,2014-02-16,2.5
3334,2014-02-17,2.5
3335,2014-02-18,2.5
3336,2014-02-19,2.5
3337,2014-02-20,2.5
3338,2014-02-21,2.5
3339,2014-02-22,2.5
3340,2014-02-23,2.5
3341,2014-02-24,2.5
3342,2014-02-25,2.5
3343,2014-02-26,2.5
3344,2014-02-27,2.5
3345,2014-02-28,2.5
3346,2014-03-01,2.5
3347,2014-03-02,2.5
3348,2014-03-03,2.5
3349,2014-03-04,2.5
3350,2014-03-05,2.5
3351,2014-03-06,2.5
3352,2014-03-07,2.5
3353,2014-03-08,2.5
3354,2014-03-09,2.5
3355,2014-03-10,2.5
3356,2014-03-11,2.5
3357,2014-03-12,2.5
3358,2014-03-13,2.5
3359,2014-03-14,2.5
3360,2014-03-15,2.5
3361,2014-03-16,2.5
3362,2014-03-17,2.5
3363,2014-03-18,2.5
3364,2014-03-19,2.5
3365,2014-03-20,2.5
3366,2014-03-21,2.5
3367,2014-03-22,2.5
3368,2014-03-23,2.5
3369,2014-03-24,2.5
3370,2014-03-25,2.5
3371,2014-03-26,2.5
3372,2014-03-27,2.5
3373,2014-03-28,2.5
3374,2014-03-29,2.5
3375,2014-03-30,2.5
3376,2014-03-31,2.5
3377,2014-04-01,2.5
3378,2014-04-02,2.5
3379,2014-04-03,2.5
3380,2014-04-04,2.5
3381,2014-04-05,2.5
3382,2014-04-06,2.5
3383,2014-04-07,2.5
3384,2014-04-08,2.5
3385,2014-04-09,2.5
3386,2014-04-10,2.5
3387,2014-04-11,2.5
3388,2014-04-12,2.5
3389,2014-04-13,2.5
3390,2014-04-14,2.5
3391,2014-04-15,2.5
3392,2014-04-16,2.5
3393,2014-04-17,2.5
3394,2014-04-18,2.5
3395,2014-04-19,2.5
3396,2014-04-20,2.5
3397,2014-04-21,2.5
3398,2014-04-22,2.5
3399,2014-04-23,2.5
3400,2014-04-24,2.5
3401,2014-04-25,2.5
3402,2014-04-26,2.5
3403,2014-04-27,2.5
3404,2014-04-28,2.5
3405,2014-04-29,2.5
3406,2014-04-30,2.5
3407,2014-05-01,2.5
3408,2014-05-02,2.5
3409,2014-05-03,2.5
3410,2014-05-04,2.5
3411,2014-05-05,2.5
3412,2014-05-06,2.5
3413,2014-05-07,2.5
3414,2014-05-08,2.5
3415,2014-05-09,2.5
3416,2014-05-10,2.5
3417,2014-05-11,2.5
3418,2014-05-12,2.5
3419,2014-05-13,2.5
3420,2014-05-14,2.5
3421,2014-05-15,2.5
3422,2014-05-16,2.5
3423,2014-05-17,2.5
3424,2014-05-18,2.5
3425,2014-05-19,2.5
3426,2014-05-20,2.5
3427,2014-05-21,2.5
3428,2014-05-22,2.5
3429,2014-05-23,2.5
3430,2014-05-24,2.5
3431,2014-05-25,2.5
3432,2014-05-26,2.5
3433,2014-05-27,2.5
3434,2014-05-28,2.5
3435,2014-05-29,2.5
3436,2014-05-30,2.5
3437,2014-05-31,2.5
3438,2014-06-01,2.5
3439,2014-06-02,2.5
3440,2014-06-03,2.5
3441,2014-06-04,2.5
3442,2014-06-05,2.5
3443,2014-06-06,2.5
3444,2014-06-07,2.5
3445,2014-06-08,2.5
3446,2014-06-09,2.5
3447,2014-06-10,2.5
3448,2014-06-11,2.5
3449,2014-06-12,2.5
3450,2014-06-13,2.5
3451,2014-06-14,2.5
3452,2014-06-15,2.5
3453,2014-06-16,2.5
3454,2014-06-17,2.5
3455,2014-06-18,2.5
3456,2014-06-19,2.5
3457,2014-06-20,2.5
3458,2014-06-21,2.5
3459,2014-06-22,2.5
3460,2014-06-23,2.5
3461,2014-06-24,2.5
3462,2014-06-25,2.5
3463,2014-06-26,2.5
3464,2014-06-27,2.5
3465,2014-06-28,2.5
3466,2014-06-29,2.5
3467,2014-06-30,2.5
3468,2014-07-01,2.5
3469,2014-07-02,2.5
3470,2014-07-03,2.5
3471,2014-07-04,2.5
3472,2014-07-05,2.5
3473,2014-07-06,2.5
3474,2014-07-07,2.5
3475,2014-07-08,2.5
3476,2014-07-09,2.5
3477,2014-07-10,2.5
3478,2014-07-11,2.5
3479,2014-07-12,2.5
3480,2014-07-13,2.5
3481,2014-07-14,2.5
3482,2014-07-15,2.5
3483,2014-07-16,2.5
3484,2014-07-17,2.5
3485,2014-07-18,2.5
3486,2014-07-19,2.5
3487,2014-07-20,2.5
3488,2014-07-21,2.5
3489,2014-07-22,2.5
3490,2014-07-23,2.5
3491,2014-07-24,2.5
3492,2014-07-25,2.5
3493,2014-07-26,2.5
3494,2014-07-27,2.5
3495,2014-07-28,2.5
3496,2014-07-29,2.5
3497,2014-07-30,2.5
3498,2014-07-31,2.5
3499,2014-08-01,2.5
3500,2014-08-02,2.5
3501,2014-08-03,2.5
3502,2014-08-04,2.5
3503,2014-08-05,2.5
3504,2014-08-06,2.5
3505,2014-08-07,2.5
3506,2014-08-08,2.5
3507,2014-08-09,2.5
3508,2014-08-10,2.5
3509,2014-08-11,2.5
3510,2014-08-12,2.5
3511,2014-08-13,2.5
3512,2014-08-14,2.25
3513,2014-08-15,2.25
3514,2014-08-16,2.25
3515,2014-08-17,2.25
3516,2014-08-18,2.25
3517,2014-08-19,2.25
3518,2014-08-20,2.25
3519,2014-08-21,2.25
3520,2014-08-22,2.25
3521,2014-08-23,2.25
3522,2014-08-24,2.25
3523,2014-08-25,2.25
3524,2014-08-26,2.25
3525,2014-08-27,2.25
3526,2014-08-28,2.25
3527,2014-08-29,2.25
3528,2014-08-30,2.25
3529,2014-08-31,2.25
3530,2014-09-01,2.25
3531,2014-09-02,2.25
3532,2014-09-03,2.25
3533,2014-09-04,2.25
3534,2014-09-05,2.25
3535,2014-09-06,2.25
3536,2014-09-07,2.25
3537,2014-09-08,2.25
3538,2014-09-09,2.25
3539,2014-09-10,2.25
3540,2014-09-11,2.25
3541,2014-09-12,2.25
3542,2014-09-13,2.25
3543,2014-09-14,2.25
3544,2014-09-15,2.25
3545,2014-09-16,2.25
3546,2014-09-17,2.25
3547,2014-09-18,2.25
3548,2014-09-19,2.25
3549,2014-09-20,2.25
3550,2014-09-21,2.25
3551,2014-09-22,2.25
3552,2014-09-23,2.25
3553,2014-09-24,2.25
3554,2014-09-25,2.25
3555,2014-09-26,2.25
3556,2014-09-27,2.25
3557,2014-09-28,2.25
3558,2014-09-29,2.25
3559,2014-09-30,2.25
3560,2014-10-01,2.25
3561,2014-10-02,2.25
3562,2014-10-03,2.25
3563,2014-10-04,2.25
3564,2014-10-05,2.25
3565,2014-10-06,2.25
3566,2014-10-07,2.25
3567,2014-10-08,2.25
3568,2014-10-09,2.25
3569,2014-10-10,2.25
3570,2014-10-11,2.25
3571,2014-10-12,2.25
3572,2014-10-13,2.25
3573,2014-10-14,2.25
3574,2014-10-15,2.0
3575,2014-10-16,2.0
3576,2014-10-17,2.0
3577,2014-10-18,2.0
3578,2014-10-19,2.0
3579,2014-10-20,2.0
3580,2014-10-21,2.0
3581,2014-10-22,2.0
3582,2014-10-23,2.0
3583,2014-10-24,2.0
3584,2014-10-25,2.0
3585,2014-10-26,2.0
3586,2014-10-27,2.0
3587,2014-10-28,2.0
3588,2014-10-29,2.0
3589,2014-10-30,2.0
3590,2014-10-31,2.0
3591,2014-11-01,2.0
3592,2014-11-02,2.0
3593,2014-11-03,2.0
3594,2014-11-04,2.0
3595,2014-11-05,2.0
3596,2014-11-06,2.0
3597,2014-11-07,2.0
3598,2014-11-08,2.0
3599,2014-11-09,2.0
3600,2014-11-10,2.0
3601,2014-11-11,2.0
3602,2014-11-12,2.0
3603,2014-11-13,2.0
3604,2014-11-14,2.0
3605,2014-11-15,2.0
3606,2014-11-16,2.0
3607,2014-11-17,2.0
3608,2014-11-18,2.0
3609,2014-11-19,2.0
3610,2014-11-20,2.0
3611,2014-11-21,2.0
3612,2014-11-22,2.0
3613,2014-11-23,2.0
3614,2014-11-24,2.0
3615,2014-11-25,2.0
3616,2014-11-26,2.0
3617,2014-11-27,2.0
3618,2014-11-28,2.0
3619,2014-11-29,2.0
3620,2014-11-30,2.0
3621,2014-12-01,2.0
3622,2014-12-02,2.0
3623,2014-12-03,2.0
3624,2014-12-04,2.0
3625,2014-12-05,2.0
3626,2014-12-06,2.0
3627,2014-12-07,2.0
3628,2014-12-08,2.0
3629,2014-12-09,2.0
3630,2014-12-10,2.0
3631,2014-12-11,2.0
3632,2014-12-12,2.0
3633,2014-12-13,2.0
3634,2014-12-14,2.0
3635,2014-12-15,2.0
3636,2014-12-16,2.0
3637,2014-12-17,2.0
3638,2014-12-18,2.0
3639,2014-12-19,2.0
3640,2014-12-20,2.0
3641,2014-12-21,2.0
3642,2014-12-22,2.0
3643,2014-12-23,2.0
3644,2014-12-24,2.0
3645,2014-12-25,2.0
3646,2014-12-26,2.0
3647,2014-12-27,2.0
3648,2014-12-28,2.0
3649,2014-12-29,2.0
3650,2014-12-30,2.0
3651,2014-12-31,2.0
3652,2015-01-01,2.0
3653,2015-01-02,2.0
3654,2015-01-03,2.0
3655,2015-01-04,2.0
3656,2015-01-05,2.0
3657,2015-01-06,2.0
3658,2015-01-07,2.0
3659,2015-01-08,2.0
3660,2015-01-09,2.0
3661,2015-01-10,2.0
3662,2015-01-11,2.0
3663,2015-01-12,2.0
3664,2015-01-13,2.0
3665,2015-01-14,2.0
3666,2015-01-15,2.0
3667,2015-01-16,2.0
3668,2015-01-17,2.0
3669,2015-01-18,2.0
3670,2015-01-19,2.0
3671,2015-01-20,2.0
3672,2015-01-21,2.0
3673,2015-01-22,2.0
3674,2015-01-23,2.0
3675,2015-01-24,2.0
3676,2015-01-25,2.0
3677,2015-01-26,2.0
3678,2015-01-27,2.0
3679,2015-01-28,2.0
3680,2015-01-29,2.0
3681,2015-01-30,2.0
3682,2015-01-31,2.0
3683,2015-02-01,2.0
3684,2015-02-02,2.0
3685,2015-02-03,2.0
3686,2015-02-04,2.0
3687,2015-02-05,2.0
3688,2015-02-06,2.0
3689,2015-02-07,2.0
3690,2015-02-08,2.0
3691,2015-02-09,2.0
3692,2015-02-10,2.0
3693,2015-02-11,2.0
3694,2015-02-12,2.0
3695,2015-02-13,2.0
3696,2015-02-14,2.0
3697,2015-02-15,2.0
3698,2015-02-16,2.0
3699,2015-02-17,2.0
3700,2015-02-18,2.0
3701,2015-02-19,2.0
3702,2015-02-20,2.0
3703,2015-02-21,2.0
3704,2015-02-22,2.0
3705,2015-02-23,2.0
3706,2015-02-24,2.0
3707,2015-02-25,2.0
3708,2015-02-26,2.0
3709,2015-02-27,2.0
3710,2015-02-28,2.0
3711,2015-03-01,2.0
3712,2015-03-02,2.0
3713,2015-03-03,2.0
3714,2015-03-04,2.0
3715,2015-03-05,2.0
3716,2015-03-06,2.0
3717,2015-03-07,2.0
3718,2015-03-08,2.0
3719,2015-03-09,2.0
3720,2015-03-10,2.0
3721,2015-03-11,2.0
3722,2015-03-12,1.75
3723,2015-03-13,1.75
3724,2015-03-14,1.75
3725,2015-03-15,1.75
3726,2015-03-16,1.75
3727,2015-03-17,1.75
3728,2015-03-18,1.75
3729,2015-03-19,1.75
3730,2015-03-20,1.75
3731,2015-03-21,1.75
3732,2015-03-22,1.75
3733,2015-03-23,1.75
3734,2015-03-24,1.75
3735,2015-03-25,1.75
3736,2015-03-26,1.75
3737,2015-03-27,1.75
3738,2015-03-28,1.75
3739,2015-03-29,1.75
3740,2015-03-30,1.75
3741,2015-03-31,1.75
3742,2015-04-01,1.75
3743,2015-04-02,1.75
3744,2015-04-03,1.75
3745,2015-04-04,1.75
3746,2015-04-05,1.75
3747,2015-04-06,1.75
3748,2015-04-07,1.75
3749,2015-04-08,1.75
3750,2015-04-09,1.75
3751,2015-04-10,1.75
3752,2015-04-11,1.75
3753,2015-04-12,1.75
3754,2015-04-13,1.75
3755,2015-04-14,1.75
3756,2015-04-15,1.75
3757,2015-04-16,1.75
3758,2015-04-17,1.75
3759,2015-04-18,1.75
3760,2015-04-19,1.75
3761,2015-04-20,1.75
3762,2015-04-21,1.75
3763,2015-04-22,1.75
3764,2015-04-23,1.75
3765,2015-04-24,1.75
3766,2015-04-25,1.75
3767,2015-04-26,1.75
3768,2015-04-27,1.75
3769,2015-04-28,1.75
3770,2015-04-29,1.75
3771,2015-04-30,1.75
3772,2015-05-01,1.75
3773,2015-05-02,1.75
3774,2015-05-03,1.75
3775,2015-05-04,1.75
3776,2015-05-05,1.75
3777,2015-05-06,1.75
3778,2015-05-07,1.75
3779,2015-05-08,1.75
3780,2015-05-09,1.75
3781,2015-05-10,1.75
3782,2015-05-11,1.75
3783,2015-05-12,1.75
3784,2015-05-13,1.75
3785,2015-05-14,1.75
3786,2015-05-15,1.75
3787,2015-05-16,1.75
3788,2015-05-17,1.75
3789,2015-05-18,1.75
3790,2015-05-19,1.75
3791,2015-05-20,1.75
3792,2015-05-21,1.75
3793,2015-05-22,1.75
3794,2015-05-23,1.75
3795,2015-05-24,1.75
3796,2015-05-25,1.75
3797,2015-05-26,1.75
3798,2015-05-27,1.75
3799,2015-05-28,1.75
3800,2015-05-29,1.75
3801,2015-05-30,1.75
3802,2015-05-31,1.75
3803,2015-06-01,1.75
3804,2015-06-02,1.75
3805,2015-06-03,1.75
3806,2015-06-04,1.75
3807,2015-06-05,1.75
3808,2015-06-06,1.75
3809,2015-06-07,1.75
3810,2015-06-08,1.75
3811,2015-06-09,1.75
3812,2015-06-10,1.75
3813,2015-06-11,1.5
3814,2015-06-12,1.5
3815,2015-06-13,1.5
3816,2015-06-14,1.5
3817,2015-06-15,1.5
3818,2015-06-16,1.5
3819,2015-06-17,1.5
3820,2015-06-18,1.5
3821,2015-06-19,1.5
3822,2015-06-20,1.5
3823,2015-06-21,1.5
3824,2015-06-22,1.5
3825,2015-06-23,1.5
3826,2015-06-24,1.5
3827,2015-06-25,1.5
3828,2015-06-26,1.5
3829,2015-06-27,1.5
3830,2015-06-28,1.5
3831,2015-06-29,1.5
3832,2015-06-30,1.5
3833,2015-07-01,1.5
3834,2015-07-02,1.5
3835,2015-07-03,1.5
3836,2015-07-04,1.5
3837,2015-07-05,1.5
3838,2015-07-06,1.5
3839,2015-07-07,1.5
3840,2015-07-08,1.5
3841,2015-07-09,1.5
3842,2015-07-10,1.5
3843,2015-07-11,1.5
3844,2015-07-12,1.5
3845,2015-07-13,1.5
3846,2015-07-14,1.5
3847,2015-07-15,1.5
3848,2015-07-16,1.5
3849,2015-07-17,1.5
3850,2015-07-18,1.5
3851,2015-07-19,1.5
3852,2015-07-20,1.5
3853,2015-07-21,1.5
3854,2015-07-22,1.5
3855,2015-07-23,1.5
3856,2015-07-24,1.5
3857,2015-07-25,1.5
3858,2015-07-26,1.5
3859,2015-07-27,1.5
3860,2015-07-28,1.5
3861,2015-07-29,1.5
3862,2015-07-30,1.5
3863,2015-07-31,1.5
3864,2015-08-01,1.5
3865,2015-08-02,1.5
3866,2015-08-03,1.5
3867,2015-08-04,1.5
3868,2015-08-05,1.5
3869,2015-08-06,1.5
3870,2015-08-07,1.5
3871,2015-08-08,1.5
3872,2015-08-09,1.5
3873,2015-08-10,1.5
3874,2015-08-11,1.5
3875,2015-08-12,1.5
3876,2015-08-13,1.5
3877,2015-08-14,1.5
3878,2015-08-15,1.5
3879,2015-08-16,1.5
3880,2015-08-17,1.5
3881,2015-08-18,1.5
3882,2015-08-19,1.5
3883,2015-08-20,1.5
3884,2015-08-21,1.5
3885,2015-08-22,1.5
3886,2015-08-23,1.5
3887,2015-08-24,1.5
3888,2015-08-25,1.5
3889,2015-08-26,1.5
3890,2015-08-27,1.5
3891,2015-08-28,1.5
3892,2015-08-29,1.5
3893,2015-08-30,1.5
3894,2015-08-31,1.5
3895,2015-09-01,1.5
3896,2015-09-02,1.5
3897,2015-09-03,1.5
3898,2015-09-04,1.5
3899,2015-09-05,1.5
3900,2015-09-06,1.5
3901,2015-09-07,1.5
3902,2015-09-08,1.5
3903,2015-09-09,1.5
3904,2015-09-10,1.5
3905,2015-09-11,1.5
3906,2015-09-12,1.5
3907,2015-09-13,1.5
3908,2015-09-14,1.5
3909,2015-09-15,1.5
3910,2015-09-16,1.5
3911,2015-09-17,1.5
3912,2015-09-18,1.5
3913,2015-09-19,1.5
3914,2015-09-20,1.5
3915,2015-09-21,1.5
3916,2015-09-22,1.5
3917,2015-09-23,1.5
3918,2015-09-24,1.5
3919,2015-09-25,1.5
3920,2015-09-26,1.5
3921,2015-09-27,1.5
3922,2015-09-28,1.5
3923,2015-09-29,1.5
3924,2015-09-30,1.5
3925,2015-10-01,1.5
3926,2015-10-02,1.5
3927,2015-10-03,1.5
3928,2015-10-04,1.5
3929,2015-10-05,1.5
3930,2015-10-06,1.5
3931,2015-10-07,1.5
3932,2015-10-08,1.5
3933,2015-10-09,1.5
3934,2015-10-10,1.5
3935,2015-10-11,1.5
3936,2015-10-12,1.5
3937,2015-10-13,1.5
3938,2015-10-14,1.5
3939,2015-10-15,1.5
3940,2015-10-16,1.5
3941,2015-10-17,1.5
3942,2015-10-18,1.5
3943,2015-10-19,1.5
3944,2015-10-20,1.5
3945,2015-10-21,1.5
3946,2015-10-22,1.5
3947,2015-10-23,1.5
3948,2015-10-24,1.5
3949,2015-10-25,1.5
3950,2015-10-26,1.5
3951,2015-10-27,1.5
3952,2015-10-28,1.5
3953,2015-10-29,1.5
3954,2015-10-30,1.5
3955,2015-10-31,1.5
3956,2015-11-01,1.5
3957,2015-11-02,1.5
3958,2015-11-03,1.5
3959,2015-11-04,1.5
3960,2015-11-05,1.5
3961,2015-11-06,1.5
3962,2015-11-07,1.5
3963,2015-11-08,1.5
3964,2015-11-09,1.5
3965,2015-11-10,1.5
3966,2015-11-11,1.5
3967,2015-11-12,1.5
3968,2015-11-13,1.5
3969,2015-11-14,1.5
3970,2015-11-15,1.5
3971,2015-11-16,1.5
3972,2015-11-17,1.5
3973,2015-11-18,1.5
3974,2015-11-19,1.5
3975,2015-11-20,1.5
3976,2015-11-21,1.5
3977,2015-11-22,1.5
3978,2015-11-23,1.5
3979,2015-11-24,1.5
3980,2015-11-25,1.5
3981,2015-11-26,1.5
3982,2015-11-27,1.5
3983,2015-11-28,1.5
3984,2015-11-29,1.5
3985,2015-11-30,1.5
3986,2015-12-01,1.5
3987,2015-12-02,1.5
3988,2015-12-03,1.5
3989,2015-12-04,1.5
3990,2015-12-05,1.5
3991,2015-12-06,1.5
3992,2015-12-07,1.5
3993,2015-12-08,1.5
3994,2015-12-09,1.5
3995,2015-12-10,1.5
3996,2015-12-11,1.5
3997,2015-12-12,1.5
3998,2015-12-13,1.5
3999,2015-12-14,1.5
4000,2015-12-15,1.5
4001,2015-12-16,1.5
4002,2015-12-17,1.5
4003,2015-12-18,1.5
4004,2015-12-19,1.5
4005,2015-12-20,1.5
4006,2015-12-21,1.5
4007,2015-12-22,1.5
4008,2015-12-23,1.5
4009,2015-12-24,1.5
4010,2015-12-25,1.5
4011,2015-12-26,1.5
4012,2015-12-27,1.5
4013,2015-12-28,1.5
4014,2015-12-29,1.5
4015,2015-12-30,1.5
4016,2015-12-31,1.5
4017,2016-01-01,1.5
4018,2016-01-02,1.5
4019,2016-01-03,1.5
4020,2016-01-04,1.5
4021,2016-01-05,1.5
4022,2016-01-06,1.5
4023,2016-01-07,1.5
4024,2016-01-08,1.5
4025,2016-01-09,1.5
4026,2016-01-10,1.5
4027,2016-01-11,1.5
4028,2016-01-12,1.5
4029,2016-01-13,1.5
4030,2016-01-14,1.5
4031,2016-01-15,1.5
4032,2016-01-16,1.5
4033,2016-01-17,1.5
4034,2016-01-18,1.5
4035,2016-01-19,1.5
4036,2016-01-20,1.5
4037,2016-01-21,1.5
4038,2016-01-22,1.5
4039,2016-01-23,1.5
4040,2016-01-24,1.5
4041,2016-01-25,1.5
4042,2016-01-26,1.5
4043,2016-01-27,1.5
4044,2016-01-28,1.5
4045,2016-01-29,1.5
4046,2016-01-30,1.5
4047,2016-01-31,1.5
4048,2016-02-01,1.5
4049,2016-02-02,1.5
4050,2016-02-03,1.5
4051,2016-02-04,1.5
4052,2016-02-05,1.5
4053,2016-02-06,1.5
4054,2016-02-07,1.5
4055,2016-02-08,1.5
4056,2016-02-09,1.5
4057,2016-02-10,1.5
4058,2016-02-11,1.5
4059,2016-02-12,1.5
4060,2016-02-13,1.5
4061,2016-02-14,1.5
4062,2016-02-15,1.5
4063,2016-02-16,1.5
4064,2016-02-17,1.5
4065,2016-02-18,1.5
4066,2016-02-19,1.5
4067,2016-02-20,1.5
4068,2016-02-21,1.5
4069,2016-02-22,1.5
4070,2016-02-23,1.5
4071,2016-02-24,1.5
4072,2016-02-25,1.5
4073,2016-02-26,1.5
4074,2016-02-27,1.5
4075,2016-02-28,1.5
4076,2016-02-29,1.5
4077,2016-03-01,1.5
4078,2016-03-02,1.5
4079,2016-03-03,1.5
4080,2016-03-04,1.5
4081,2016-03-05,1.5
4082,2016-03-06,1.5
4083,2016-03-07,1.5
4084,2016-03-08,1.5
4085,2016-03-09,1.5
4086,2016-03-10,1.5
4087,2016-03-11,1.5
4088,2016-03-12,1.5
4089,2016-03-13,1.5
4090,2016-03-14,1.5
4091,2016-03-15,1.5
4092,2016-03-16,1.5
4093,2016-03-17,1.5
4094,2016-03-18,1.5
4095,2016-03-19,1.5
4096,2016-03-20,1.5
4097,2016-03-21,1.5
4098,2016-03-22,1.5
4099,2016-03-23,1.5
4100,2016-03-24,1.5
4101,2016-03-25,1.5
4102,2016-03-26,1.5
4103,2016-03-27,1.5
4104,2016-03-28,1.5
4105,2016-03-29,1.5
4106,2016-03-30,1.5
4107,2016-03-31,1.5
4108,2016-04-01,1.5
4109,2016-04-02,1.5
4110,2016-04-03,1.5
4111,2016-04-04,1.5
4112,2016-04-05,1.5
4113,2016-04-06,1.5
4114,2016-04-07,1.5
4115,2016-04-08,1.5
4116,2016-04-09,1.5
4117,2016-04-10,1.5
4118,2016-04-11,1.5
4119,2016-04-12,1.5
4120,2016-04-13,1.5
4121,2016-04-14,1.5
4122,2016-04-15,1.5
4123,2016-04-16,1.5
4124,2016-04-17,1.5
4125,2016-04-18,1.5
4126,2016-04-19,1.5
4127,2016-04-20,1.5
4128,2016-04-21,1.5
4129,2016-04-22,1.5
4130,2016-04-23,1.5
4131,2016-04-24,1.5
4132,2016-04-25,1.5
4133,2016-04-26,1.5
4134,2016-04-27,1.5
4135,2016-04-28,1.5
4136,2016-04-29,1.5
4137,2016-04-30,1.5
4138,2016-05-01,1.5
4139,2016-05-02,1.5
4140,2016-05-03,1.5
4141,2016-05-04,1.5
4142,2016-05-05,1.5
4143,2016-05-06,1.5
4144,2016-05-07,1.5
4145,2016-05-08,1.5
4146,2016-05-09,1.5
4147,2016-05-10,1.5
4148,2016-05-11,1.5
4149,2016-05-12,1.5
4150,2016-05-13,1.5
4151,2016-05-14,1.5
4152,2016-05-15,1.5
4153,2016-05-16,1.5
4154,2016-05-17,1.5
4155,2016-05-18,1.5
4156,2016-05-19,1.5
4157,2016-05-20,1.5
4158,2016-05-21,1.5
4159,2016-05-22,1.5
4160,2016-05-23,1.5
4161,2016-05-24,1.5
4162,2016-05-25,1.5
4163,2016-05-26,1.5
4164,2016-05-27,1.5
4165,2016-05-28,1.5
4166,2016-05-29,1.5
4167,2016-05-30,1.5
4168,2016-05-31,1.5
4169,2016-06-01,1.5
4170,2016-06-02,1.5
4171,2016-06-03,1.5
4172,2016-06-04,1.5
4173,2016-06-05,1.5
4174,2016-06-06,1.5
4175,2016-06-07,1.5
4176,2016-06-08,1.5
4177,2016-06-09,1.25
4178,2016-06-10,1.25
4179,2016-06-11,1.25
4180,2016-06-12,1.25
4181,2016-06-13,1.25
4182,2016-06-14,1.25
4183,2016-06-15,1.25
4184,2016-06-16,1.25
4185,2016-06-17,1.25
4186,2016-06-18,1.25
4187,2016-06-19,1.25
4188,2016-06-20,1.25
4189,2016-06-21,1.25
4190,2016-06-22,1.25
4191,2016-06-23,1.25
4192,2016-06-24,1.25
4193,2016-06-25,1.25
4194,2016-06-26,1.25
4195,2016-06-27,1.25
4196,2016-06-28,1.25
4197,2016-06-29,1.25
4198,2016-06-30,1.25
4199,2016-07-01,1.25
4200,2016-07-02,1.25
4201,2016-07-03,1.25
4202,2016-07-04,1.25
4203,2016-07-05,1.25
4204,2016-07-06,1.25
4205,2016-07-07,1.25
4206,2016-07-08,1.25
4207,2016-07-09,1.25
4208,2016-07-10,1.25
4209,2016-07-11,1.25
4210,2016-07-12,1.25
4211,2016-07-13,1.25
4212,2016-07-14,1.25
4213,2016-07-15,1.25
4214,2016-07-16,1.25
4215,2016-07-17,1.25
4216,2016-07-18,1.25
4217,2016-07-19,1.25
4218,2016-07-20,1.25
4219,2016-07-21,1.25
4220,2016-07-22,1.25
4221,2016-07-23,1.25
4222,2016-07-24,1.25
4223,2016-07-25,1.25
4224,2016-07-26,1.25
4225,2016-07-27,1.25
4226,2016-07-28,1.25
4227,2016-07-29,1.25
4228,2016-07-30,1.25
4229,2016-07-31,1.25
4230,2016-08-01,1.25
4231,2016-08-02,1.25
4232,2016-08-03,1.25
4233,2016-08-04,1.25
4234,2016-08-05,1.25
4235,2016-08-06,1.25
4236,2016-08-07,1.25
4237,2016-08-08,1.25
4238,2016-08-09,1.25
4239,2016-08-10,1.25
4240,2016-08-11,1.25
4241,2016-08-12,1.25
4242,2016-08-13,1.25
4243,2016-08-14,1.25
4244,2016-08-15,1.25
4245,2016-08-16,1.25
4246,2016-08-17,1.25
4247,2016-08-18,1.25
4248,2016-08-19,1.25
4249,2016-08-20,1.25
4250,2016-08-21,1.25
4251,2016-08-22,1.25
4252,2016-08-23,1.25
4253,2016-08-24,1.25
4254,2016-08-25,1.25
4255,2016-08-26,1.25
4256,2016-08-27,1.25
4257,2016-08-28,1.25
4258,2016-08-29,1.25
4259,2016-08-30,1.25
4260,2016-08-31,1.25
4261,2016-09-01,1.25
4262,2016-09-02,1.25
4263,2016-09-03,1.25
4264,2016-09-04,1.25
4265,2016-09-05,1.25
4266,2016-09-06,1.25
4267,2016-09-07,1.25
4268,2016-09-08,1.25
4269,2016-09-09,1.25
4270,2016-09-10,1.25
4271,2016-09-11,1.25
4272,2016-09-12,1.25
4273,2016-09-13,1.25
4274,2016-09-14,1.25
4275,2016-09-15,1.25
4276,2016-09-16,1.25
4277,2016-09-17,1.25
4278,2016-09-18,1.25
4279,2016-09-19,1.25
4280,2016-09-20,1.25
4281,2016-09-21,1.25
4282,2016-09-22,1.25
4283,2016-09-23,1.25
4284,2016-09-24,1.25
4285,2016-09-25,1.25
4286,2016-09-26,1.25
4287,2016-09-27,1.25
4288,2016-09-28,1.25
4289,2016-09-29,1.25
4290,2016-09-30,1.25
4291,2016-10-01,1.25
4292,2016-10-02,1.25
4293,2016-10-03,1.25
4294,2016-10-04,1.25
4295,2016-10-05,1.25
4296,2016-10-06,1.25
4297,2016-10-07,1.25
4298,2016-10-08,1.25
4299,2016-10-09,1.25
4300,2016-10-10,1.25
4301,2016-10-11,1.25
4302,2016-10-12,1.25
4303,2016-10-13,1.25
4304,2016-10-14,1.25
4305,2016-10-15,1.25
4306,2016-10-16,1.25
4307,2016-10-17,1.25
4308,2016-10-18,1.25
4309,2016-10-19,1.25
4310,2016-10-20,1.25
4311,2016-10-21,1.25
4312,2016-10-22,1.25
4313,2016-10-23,1.25
4314,2016-10-24,1.25
4315,2016-10-25,1.25
4316,2016-10-26,1.25
4317,2016-10-27,1.25
4318,2016-10-28,1.25
4319,2016-10-29,1.25
4320,2016-10-30,1.25
4321,2016-10-31,1.25
4322,2016-11-01,1.25
4323,2016-11-02,1.25
4324,2016-11-03,1.25
4325,2016-11-04,1.25
4326,2016-11-05,1.25
4327,2016-11-06,1.25
4328,2016-11-07,1.25
4329,2016-11-08,1.25
4330,2016-11-09,1.25
4331,2016-11-10,1.25
4332,2016-11-11,1.25
4333,2016-11-12,1.25
4334,2016-11-13,1.25
4335,2016-11-14,1.25
4336,2016-11-15,1.25
4337,2016-11-16,1.25
4338,2016-11-17,1.25
4339,2016-11-18,1.25
4340,2016-11-19,1.25
4341,2016-11-20,1.25
4342,2016-11-21,1.25
4343,2016-11-22,1.25
4344,2016-11-23,1.25
4345,2016-11-24,1.25
4346,2016-11-25,1.25
4347,2016-11-26,1.25
4348,2016-11-27,1.25
4349,2016-11-28,1.25
4350,2016-11-29,1.25
4351,2016-11-30,1.25
4352,2016-12-01,1.25
4353,2016-12-02,1.25
4354,2016-12-03,1.25
4355,2016-12-04,1.25
4356,2016-12-05,1.25
4357,2016-12-06,1.25
4358,2016-12-07,1.25
4359,2016-12-08,1.25
4360,2016-12-09,1.25
4361,2016-12-10,1.25
4362,2016-12-11,1.25
4363,2016-12-12,1.25
4364,2016-12-13,1.25
4365,2016-12-14,1.25
4366,2016-12-15,1.25
4367,2016-12-16,1.25
4368,2016-12-17,1.25
4369,2016-12-18,1.25
4370,2016-12-19,1.25
4371,2016-12-20,1.25
4372,2016-12-21,1.25
4373,2016-12-22,1.25
4374,2016-12-23,1.25
4375,2016-12-24,1.25
4376,2016-12-25,1.25
4377,2016-12-26,1.25
4378,2016-12-27,1.25
4379,2016-12-28,1.25
4380,2016-12-29,1.25
4381,2016-12-30,1.25
4382,2016-12-31,1.25
4383,2017-01-01,1.25
4384,2017-01-02,1.25
4385,2017-01-03,1.25
4386,2017-01-04,1.25
4387,2017-01-05,1.25
4388,2017-01-06,1.25
4389,2017-01-07,1.25
4390,2017-01-08,1.25
4391,2017-01-09,1.25
4392,2017-01-10,1.25
4393,2017-01-11,1.25
4394,2017-01-12,1.25
4395,2017-01-13,1.25
4396,2017-01-14,1.25
4397,2017-01-15,1.25
4398,2017-01-16,1.25
4399,2017-01-17,1.25
4400,2017-01-18,1.25
4401,2017-01-19,1.25
4402,2017-01-20,1.25
4403,2017-01-21,1.25
4404,2017-01-22,1.25
4405,2017-01-23,1.25
4406,2017-01-24,1.25
4407,2017-01-25,1.25
4408,2017-01-26,1.25
4409,2017-01-27,1.25
4410,2017-01-28,1.25
4411,2017-01-29,1.25
4412,2017-01-30,1.25
4413,2017-01-31,1.25
4414,2017-02-01,1.25
4415,2017-02-02,1.25
4416,2017-02-03,1.25
4417,2017-02-04,1.25
4418,2017-02-05,1.25
4419,2017-02-06,1.25
4420,2017-02-07,1.25
4421,2017-02-08,1.25
4422,2017-02-09,1.25
4423,2017-02-10,1.25
4424,2017-02-11,1.25
4425,2017-02-12,1.25
4426,2017-02-13,1.25
4427,2017-02-14,1.25
4428,2017-02-15,1.25
4429,2017-02-16,1.25
4430,2017-02-17,1.25
4431,2017-02-18,1.25
4432,2017-02-19,1.25
4433,2017-02-20,1.25
4434,2017-02-21,1.25
4435,2017-02-22,1.25
4436,2017-02-23,1.25
4437,2017-02-24,1.25
4438,2017-02-25,1.25
4439,2017-02-26,1.25
4440,2017-02-27,1.25
4441,2017-02-28,1.25
4442,2017-03-01,1.25
4443,2017-03-02,1.25
4444,2017-03-03,1.25
4445,2017-03-04,1.25
4446,2017-03-05,1.25
4447,2017-03-06,1.25
4448,2017-03-07,1.25
4449,2017-03-08,1.25
4450,2017-03-09,1.25
4451,2017-03-10,1.25
4452,2017-03-11,1.25
4453,2017-03-12,1.25
4454,2017-03-13,1.25
4455,2017-03-14,1.25
4456,2017-03-15,1.25
4457,2017-03-16,1.25
4458,2017-03-17,1.25
4459,2017-03-18,1.25
4460,2017-03-19,1.25
4461,2017-03-20,1.25
4462,2017-03-21,1.25
4463,2017-03-22,1.25
4464,2017-03-23,1.25
4465,2017-03-24,1.25
4466,2017-03-25,1.25
4467,2017-03-26,1.25
4468,2017-03-27,1.25
4469,2017-03-28,1.25
4470,2017-03-29,1.25
4471,2017-03-30,1.25
4472,2017-03-31,1.25
4473,2017-04-01,1.25
4474,2017-04-02,1.25
4475,2017-04-03,1.25
4476,2017-04-04,1.25
4477,2017-04-05,1.25
4478,2017-04-06,1.25
4479,2017-04-07,1.25
4480,2017-04-08,1.25
4481,2017-04-09,1.25
4482,2017-04-10,1.25
4483,2017-04-11,1.25
4484,2017-04-12,1.25
4485,2017-04-13,1.25
4486,2017-04-14,1.25
4487,2017-04-15,1.25
4488,2017-04-16,1.25
4489,2017-04-17,1.25
4490,2017-04-18,1.25
4491,2017-04-19,1.25
4492,2017-04-20,1.25
4493,2017-04-21,1.25
4494,2017-04-22,1.25
4495,2017-04-23,1.25
4496,2017-04-24,1.25
4497,2017-04-25,1.25
4498,2017-04-26,1.25
4499,2017-04-27,1.25
4500,2017-04-28,1.25
4501,2017-04-29,1.25
4502,2017-04-30,1.25
4503,2017-05-01,1.25
4504,2017-05-02,1.25
4505,2017-05-03,1.25
4506,2017-05-04,1.25
4507,2017-05-05,1.25
4508,2017-05-06,1.25
4509,2017-05-07,1.25
4510,2017-05-08,1.25
4511,2017-05-09,1.25
4512,2017-05-10,1.25
4513,2017-05-11,1.25
4514,2017-05-12,1.25
4515,2017-05-13,1.25
4516,2017-05-14,1.25
4517,2017-05-15,1.25
4518,2017-05-16,1.25
4519,2017-05-17,1.25
4520,2017-05-18,1.25
4521,2017-05-19,1.25
4522,2017-05-20,1.25
4523,2017-05-21,1.25
4524,2017-05-22,1.25
4525,2017-05-23,1.25
4526,2017-05-24,1.25
4527,2017-05-25,1.25
4528,2017-05-26,1.25
4529,2017-05-27,1.25
4530,2017-05-28,1.25
4531,2017-05-29,1.25
4532,2017-05-30,1.25
4533,2017-05-31,1.25
4534,2017-06-01,1.25
4535,2017-06-02,1.25
4536,2017-06-03,1.25
4537,2017-06-04,1.25
4538,2017-06-05,1.25
4539,2017-06-06,1.25
4540,2017-06-07,1.25
4541,2017-06-08,1.25
4542,2017-06-09,1.25
4543,2017-06-10,1.25
4544,2017-06-11,1.25
4545,2017-06-12,1.25
4546,2017-06-13,1.25
4547,2017-06-14,1.25
4548,2017-06-15,1.25
4549,2017-06-16,1.25
4550,2017-06-17,1.25
4551,2017-06-18,1.25
4552,2017-06-19,1.25
4553,2017-06-20,1.25
4554,2017-06-21,1.25
4555,2017-06-22,1.25
4556,2017-06-23,1.25
4557,2017-06-24,1.25
4558,2017-06-25,1.25
4559,2017-06-26,1.25
4560,2017-06-27,1.25
4561,2017-06-28,1.25
4562,2017-06-29,1.25
4563,2017-06-30,1.25
4564,2017-07-01,1.25
4565,2017-07-02,1.25
4566,2017-07-03,1.25
4567,2017-07-04,1.25
4568,2017-07-05,1.25
4569,2017-07-06,1.25
4570,2017-07-07,1.25
4571,2017-07-08,1.25
4572,2017-07-09,1.25
4573,2017-07-10,1.25
4574,2017-07-11,1.25
4575,2017-07-12,1.25
4576,2017-07-13,1.25
4577,2017-07-14,1.25
4578,2017-07-15,1.25
4579,2017-07-16,1.25
4580,2017-07-17,1.25
4581,2017-07-18,1.25
4582,2017-07-19,1.25
4583,2017-07-20,1.25
4584,2017-07-21,1.25
4585,2017-07-22,1.25
4586,2017-07-23,1.25
4587,2017-07-24,1.25
4588,2017-07-25,1.25
4589,2017-07-26,1.25
4590,2017-07-27,1.25
4591,2017-07-28,1.25
4592,2017-07-29,1.25
4593,2017-07-30,1.25
4594,2017-07-31,1.25
4595,2017-08-01,1.25
4596,2017-08-02,1.25
4597,2017-08-03,1.25
4598,2017-08-04,1.25
4599,2017-08-05,1.25
4600,2017-08-06,1.25
4601,2017-08-07,1.25
4602,2017-08-08,1.25
4603,2017-08-09,1.25
4604,2017-08-10,1.25
4605,2017-08-11,1.25
4606,2017-08-12,1.25
4607,2017-08-13,1.25
4608,2017-08-14,1.25
4609,2017-08-15,1.25
4610,2017-08-16,1.25
4611,2017-08-17,1.25
4612,2017-08-18,1.25
4613,2017-08-19,1.25
4614,2017-08-20,1.25
4615,2017-08-21,1.25
4616,2017-08-22,1.25
4617,2017-08-23,1.25
4618,2017-08-24,1.25
4619,2017-08-25,1.25
4620,2017-08-26,1.25
4621,2017-08-27,1.25
4622,2017-08-28,1.25
4623,2017-08-29,1.25
4624,2017-08-30,1.25
4625,2017-08-31,1.25
4626,2017-09-01,1.25
4627,2017-09-02,1.25
4628,2017-09-03,1.25
4629,2017-09-04,1.25
4630,2017-09-05,1.25
4631,2017-09-06,1.25
4632,2017-09-07,1.25
4633,2017-09-08,1.25
4634,2017-09-09,1.25
4635,2017-09-10,1.25
4636,2017-09-11,1.25
4637,2017-09-12,1.25
4638,2017-09-13,1.25
4639,2017-09-14,1.25
4640,2017-09-15,1.25
4641,2017-09-16,1.25
4642,2017-09-17,1.25
4643,2017-09-18,1.25
4644,2017-09-19,1.25
4645,2017-09-20,1.25
4646,2017-09-21,1.25
4647,2017-09-22,1.25
4648,2017-09-23,1.25
4649,2017-09-24,1.25
4650,2017-09-25,1.25
4651,2017-09-26,1.25
4652,2017-09-27,1.25
4653,2017-09-28,1.25
4654,2017-09-29,1.25
4655,2017-09-30,1.25
4656,2017-10-01,1.25
4657,2017-10-02,1.25
4658,2017-10-03,1.25
4659,2017-10-04,1.25
4660,2017-10-05,1.25
4661,2017-10-06,1.25
4662,2017-10-07,1.25
4663,2017-10-08,1.25
4664,2017-10-09,1.25
4665,2017-10-10,1.25
4666,2017-10-11,1.25
4667,2017-10-12,1.25
4668,2017-10-13,1.25
4669,2017-10-14,1.25
4670,2017-10-15,1.25
4671,2017-10-16,1.25
4672,2017-10-17,1.25
4673,2017-10-18,1.25
4674,2017-10-19,1.25
4675,2017-10-20,1.25
4676,2017-10-21,1.25
4677,2017-10-22,1.25
4678,2017-10-23,1.25
4679,2017-10-24,1.25
4680,2017-10-25,1.25
4681,2017-10-26,1.25
4682,2017-10-27,1.25
4683,2017-10-28,1.25
4684,2017-10-29,1.25
4685,2017-10-30,1.25
4686,2017-10-31,1.25
4687,2017-11-01,1.25
4688,2017-11-02,1.25
4689,2017-11-03,1.25
4690,2017-11-04,1.25
4691,2017-11-05,1.25
4692,2017-11-06,1.25
4693,2017-11-07,1.25
4694,2017-11-08,1.25
4695,2017-11-09,1.25
4696,2017-11-10,1.25
4697,2017-11-11,1.25
4698,2017-11-12,1.25
4699,2017-11-13,1.25
4700,2017-11-14,1.25
4701,2017-11-15,1.25
4702,2017-11-16,1.25
4703,2017-11-17,1.25
4704,2017-11-18,1.25
4705,2017-11-19,1.25
4706,2017-11-20,1.25
4707,2017-11-21,1.25
4708,2017-11-22,1.25
4709,2017-11-23,1.25
4710,2017-11-24,1.25
4711,2017-11-25,1.25
4712,2017-11-26,1.25
4713,2017-11-27,1.25
4714,2017-11-28,1.25
4715,2017-11-29,1.25
4716,2017-11-30,1.5
4717,2017-12-01,1.5
4718,2017-12-02,1.5
4719,2017-12-03,1.5
4720,2017-12-04,1.5
4721,2017-12-05,1.5
4722,2017-12-06,1.5
4723,2017-12-07,1.5
4724,2017-12-08,1.5
4725,2017-12-09,1.5
4726,2017-12-10,1.5
4727,2017-12-11,1.5
4728,2017-12-12,1.5
4729,2017-12-13,1.5
4730,2017-12-14,1.5
4731,2017-12-15,1.5
4732,2017-12-16,1.5
4733,2017-12-17,1.5
4734,2017-12-18,1.5
4735,2017-12-19,1.5
4736,2017-12-20,1.5
4737,2017-12-21,1.5
4738,2017-12-22,1.5
4739,2017-12-23,1.5
4740,2017-12-24,1.5
4741,2017-12-25,1.5
4742,2017-12-26,1.5
4743,2017-12-27,1.5
4744,2017-12-28,1.5
4745,2017-12-29,1.5
4746,2017-12-30,1.5
4747,2017-12-31,1.5
